--
-- PostgreSQL database dump
--

SET statement_timeout = 0;
SET lock_timeout = 0;
SET client_encoding = 'UTF8';
SET standard_conforming_strings = on;
SET check_function_bodies = false;
SET client_min_messages = warning;

SET search_path = public, pg_catalog;

--
-- Data for Name: categories; Type: TABLE DATA; Schema: public; Owner: Guest
--

COPY categories (id, name, created_at, updated_at, unit, default_amount, modifier) FROM stdin;
3	Sweetener	\N	2016-02-03 19:35:24.186369	tsp	1	sweetness positive
1	Primary	\N	2016-02-03 21:41:50.463674	oz	1	strength positive
4	Acid	\N	2016-02-03 21:42:38.111041	oz	1	sweetness negative
7	Aromatic	\N	2016-02-03 21:42:46.015758	drops	3	none
6	Garnish	\N	2016-02-03 21:42:51.703915		1	none
5	Mixer	\N	2016-02-03 21:42:58.638968	oz	2	strength negative
2	Secondary	\N	2016-02-03 21:43:05.958094	oz	1	strength positive
\.


--
-- Name: categories_id_seq; Type: SEQUENCE SET; Schema: public; Owner: Guest
--

SELECT pg_catalog.setval('categories_id_seq', 7, true);


--
-- Data for Name: categories_ingredients; Type: TABLE DATA; Schema: public; Owner: Guest
--

COPY categories_ingredients (id, category_id, ingredient_id) FROM stdin;
1	1	3
2	2	3
3	2	4
4	3	4
5	1	5
6	2	5
7	4	6
8	7	7
9	6	8
10	5	9
11	3	10
12	4	11
13	5	12
14	4	12
\.


--
-- Name: categories_ingredients_id_seq; Type: SEQUENCE SET; Schema: public; Owner: Guest
--

SELECT pg_catalog.setval('categories_ingredients_id_seq', 14, true);


--
-- Data for Name: cocktails; Type: TABLE DATA; Schema: public; Owner: Guest
--

COPY cocktails (id, name, created_at, updated_at) FROM stdin;
1	Name	2016-02-02 18:40:47.840313	2016-02-02 18:40:47.840313
2	Name	2016-02-02 18:41:02.676756	2016-02-02 18:41:02.676756
3	Name	2016-02-02 18:41:13.532295	2016-02-02 18:41:13.532295
4	Name	2016-02-02 18:50:10.337562	2016-02-02 18:50:10.337562
5	Temporary	2016-02-02 18:53:09.847475	2016-02-02 18:53:09.847475
6	Temporary	2016-02-02 18:54:33.612949	2016-02-02 18:54:33.612949
7	Temporary	2016-02-02 18:55:28.89767	2016-02-02 18:55:28.89767
8	Temporary	2016-02-02 18:59:43.332293	2016-02-02 18:59:43.332293
9	Temporary	2016-02-02 19:01:02.094348	2016-02-02 19:01:02.094348
10	Temporary	2016-02-02 19:02:37.19629	2016-02-02 19:02:37.19629
11	Temporary	2016-02-02 19:02:55.24327	2016-02-02 19:02:55.24327
12	Temporary	2016-02-02 19:16:30.61445	2016-02-02 19:16:30.61445
13	Temporary	2016-02-02 19:29:33.707466	2016-02-02 19:29:33.707466
14	Temporary	2016-02-02 19:30:04.373732	2016-02-02 19:30:04.373732
15	Temporary	2016-02-02 19:32:05.883596	2016-02-02 19:32:05.883596
16	Temporary	2016-02-02 19:32:13.701134	2016-02-02 19:32:13.701134
17	Temporary	2016-02-02 19:33:32.356598	2016-02-02 19:33:32.356598
18	Temporary	2016-02-02 19:41:18.300928	2016-02-02 19:41:18.300928
19	Temporary	2016-02-02 19:43:10.989942	2016-02-02 19:43:10.989942
20	Temporary	2016-02-02 19:43:26.106404	2016-02-02 19:43:26.106404
21	Temporary	2016-02-02 19:44:50.228714	2016-02-02 19:44:50.228714
22	Temporary	2016-02-02 19:45:23.996425	2016-02-02 19:45:23.996425
23	Temporary	2016-02-02 19:46:40.493476	2016-02-02 19:46:40.493476
24	Temporary	2016-02-02 19:46:52.29283	2016-02-02 19:46:52.29283
25	Temporary	2016-02-02 19:47:11.254114	2016-02-02 19:47:11.254114
26	Temporary	2016-02-02 19:47:38.910798	2016-02-02 19:47:38.910798
27	Temporary	2016-02-02 19:47:40.661714	2016-02-02 19:47:40.661714
28	Temporary	2016-02-02 19:51:11.038115	2016-02-02 19:51:11.038115
29	Temporary	2016-02-02 19:53:45.293659	2016-02-02 19:53:45.293659
30	Temporary	2016-02-02 19:54:55.283788	2016-02-02 19:54:55.283788
31	Temporary	2016-02-02 19:55:29.829057	2016-02-02 19:55:29.829057
32	Temporary	2016-02-02 19:56:51.613159	2016-02-02 19:56:51.613159
33	Temporary	2016-02-02 19:58:25.27784	2016-02-02 19:58:25.27784
34	Temporary	2016-02-02 19:58:36.261683	2016-02-02 19:58:36.261683
35	Temporary	2016-02-02 20:01:54.278744	2016-02-02 20:01:54.278744
36	Temporary	2016-02-02 20:02:13.933119	2016-02-02 20:02:13.933119
37	Temporary	2016-02-02 21:11:52.054328	2016-02-02 21:11:52.054328
38	Temporary	2016-02-02 21:11:56.764794	2016-02-02 21:11:56.764794
39	Test	2016-02-02 21:39:01.164473	2016-02-02 21:54:49.159159
40	Temporary	2016-02-02 21:55:40.309623	2016-02-02 21:55:40.309623
41	Test	2016-02-02 21:58:23.348796	2016-02-02 21:58:27.351666
42	Temporary	2016-02-02 22:26:21.05751	2016-02-02 22:26:21.05751
43	Temporary	2016-02-02 22:46:19.927854	2016-02-02 22:46:19.927854
44	Temporary	2016-02-02 23:10:13.253413	2016-02-02 23:10:13.253413
45	Temporary	2016-02-02 23:19:19.055024	2016-02-02 23:19:19.055024
46	Temporary	2016-02-02 23:30:38.694584	2016-02-02 23:30:38.694584
47	Temporary	2016-02-02 23:31:23.816501	2016-02-02 23:31:23.816501
48	Temporary	2016-02-02 23:32:13.57508	2016-02-02 23:32:13.57508
49	Temporary	2016-02-02 23:32:45.436575	2016-02-02 23:32:45.436575
50	Temporary	2016-02-02 23:33:59.516338	2016-02-02 23:33:59.516338
51	Temporary	2016-02-02 23:39:05.797435	2016-02-02 23:39:05.797435
52	Temporary	2016-02-02 23:39:09.189007	2016-02-02 23:39:09.189007
53	Margarita	2016-02-02 23:47:43.116126	2016-02-02 23:47:53.072212
54	Test	2016-02-02 23:51:57.789744	2016-02-02 23:52:03.495044
55	Test	2016-02-02 23:57:07.677727	2016-02-02 23:57:12.07961
56	Temporary	2016-02-03 00:25:13.420246	2016-02-03 00:25:13.420246
57	Test	2016-02-03 00:26:20.70182	2016-02-03 00:26:37.927289
58	Temporary	2016-02-03 00:32:25.532066	2016-02-03 00:32:25.532066
59	Temporary	2016-02-03 00:34:28.174139	2016-02-03 00:34:28.174139
60	Temporary	2016-02-03 00:34:42.740209	2016-02-03 00:34:42.740209
61	Temporary	2016-02-03 00:34:56.596659	2016-02-03 00:34:56.596659
62	Temporary	2016-02-03 00:36:19.613655	2016-02-03 00:36:19.613655
63	Temporary	2016-02-03 17:13:35.904337	2016-02-03 17:13:35.904337
64	Temporary	2016-02-03 17:15:15.204639	2016-02-03 17:15:15.204639
65	Temporary	2016-02-03 17:15:55.575001	2016-02-03 17:15:55.575001
66	Temporary	2016-02-03 17:21:18.235875	2016-02-03 17:21:18.235875
67	Temporary	2016-02-03 17:40:40.309612	2016-02-03 17:40:40.309612
68	Temporary	2016-02-03 17:42:04.915043	2016-02-03 17:42:04.915043
69	Temporary	2016-02-03 17:42:52.607452	2016-02-03 17:42:52.607452
70	Temporary	2016-02-03 17:47:47.53988	2016-02-03 17:47:47.53988
71	Temporary	2016-02-03 17:53:18.56701	2016-02-03 17:53:18.56701
72	Temporary	2016-02-03 17:53:41.571676	2016-02-03 17:53:41.571676
73	Temporary	2016-02-03 18:00:13.861374	2016-02-03 18:00:13.861374
74	Temporary	2016-02-03 18:08:24.147873	2016-02-03 18:08:24.147873
75	Test	2016-02-03 18:26:07.384359	2016-02-03 18:26:14.655836
76	Test	2016-02-03 18:32:39.229223	2016-02-03 18:32:43.415751
77	Test	2016-02-03 20:54:09.34931	2016-02-03 20:54:20.119829
78	Test	2016-02-03 21:03:38.429306	2016-02-03 21:03:50.171179
79	Temporary	2016-02-03 21:04:31.188532	2016-02-03 21:04:31.188532
80	Temporary	2016-02-03 21:05:33.252139	2016-02-03 21:05:33.252139
81	Test	2016-02-03 21:05:36.469311	2016-02-03 21:05:42.938666
82	Test	2016-02-03 21:06:05.811344	2016-02-03 21:06:35.982435
83	Temporary	2016-02-03 21:08:26.789983	2016-02-03 21:08:26.789983
84	Test	2016-02-03 21:08:31.852448	2016-02-03 21:08:39.626762
85	Test	2016-02-03 21:13:23.191257	2016-02-03 21:13:37.386447
86	Test	2016-02-03 21:14:47.612043	2016-02-03 21:14:55.410769
87	Test	2016-02-03 21:16:22.390688	2016-02-03 21:16:32.21428
88	Test	2016-02-03 21:19:31.350011	2016-02-03 21:19:37.258407
89	Test	2016-02-03 21:19:59.972715	2016-02-03 21:20:06.778072
90	Temporary	2016-02-03 21:28:46.900575	2016-02-03 21:28:46.900575
91	Test	2016-02-03 21:28:51.318037	2016-02-03 21:28:59.03522
92	Test	2016-02-03 21:33:09.012866	2016-02-03 21:33:15.478815
93	Test	2016-02-03 21:34:37.546315	2016-02-03 21:34:43.438646
94	Test	2016-02-03 21:34:55.181204	2016-02-03 21:34:59.130575
95	Test	2016-02-03 21:35:13.572758	2016-02-03 21:35:18.674445
96	Test	2016-02-03 21:39:54.661132	2016-02-03 21:40:01.215645
97	Test	2016-02-03 21:43:17.012968	2016-02-03 21:43:26.119108
98	Test	2016-02-03 21:45:21.566321	2016-02-03 21:45:28.582916
99	Test	2016-02-03 21:49:17.013245	2016-02-03 21:49:23.815584
100	Test	2016-02-03 21:56:12.556704	2016-02-03 21:56:59.791753
101	Test	2016-02-03 22:04:08.828407	2016-02-03 22:04:17.758904
102	Test	2016-02-03 22:08:30.213751	2016-02-03 23:21:45.967382
103	Test	2016-02-04 00:03:25.078411	2016-02-04 00:03:45.631869
104	Rileygarita	2016-02-04 00:47:31.566195	2016-02-04 00:48:13.607334
105	Courtneyrita	2016-02-04 01:02:20.765808	2016-02-04 01:03:35.215659
106	Temporary	2016-02-04 01:57:24.751734	2016-02-04 01:57:24.751734
107	Test	2016-02-04 01:59:42.789528	2016-02-04 02:00:48.541193
108	Weak Drink With Stuff In It	2016-02-04 16:56:44.437393	2016-02-04 16:57:33.247288
109	Temporary	2016-02-04 17:12:09.101577	2016-02-04 17:12:09.101577
\.


--
-- Name: cocktails_id_seq; Type: SEQUENCE SET; Schema: public; Owner: Guest
--

SELECT pg_catalog.setval('cocktails_id_seq', 109, true);


--
-- Data for Name: combinations; Type: TABLE DATA; Schema: public; Owner: Guest
--

COPY combinations (ingredient_id, complement_id) FROM stdin;
3	4
4	3
6	4
4	6
6	3
3	6
7	4
4	7
7	6
6	7
7	3
3	7
8	5
5	8
8	4
4	8
8	7
7	8
8	6
6	8
8	3
3	8
9	5
5	9
9	4
4	9
9	7
7	9
9	6
6	9
9	8
8	9
9	3
3	9
10	5
5	10
10	4
4	10
10	7
7	10
10	6
6	10
10	8
8	10
10	9
9	10
10	3
3	10
11	10
10	11
11	5
5	11
11	4
4	11
11	7
7	11
11	6
6	11
11	9
9	11
11	3
3	11
11	8
8	11
12	10
10	12
12	5
5	12
12	4
4	12
12	7
7	12
12	11
11	12
12	6
6	12
12	8
8	12
12	9
9	12
12	3
3	12
\.


--
-- Data for Name: ingredients; Type: TABLE DATA; Schema: public; Owner: Guest
--

COPY ingredients (id, name, created_at, updated_at) FROM stdin;
3	Tequila	2016-02-02 01:45:56.998331	2016-02-02 01:45:56.998331
4	Cointreau	2016-02-02 01:54:45.80597	2016-02-02 01:54:45.80597
5	Applejack	2016-02-02 17:37:09.720558	2016-02-02 17:37:09.720558
6	Lime Juice	2016-02-03 22:04:59.269754	2016-02-03 22:04:59.269754
7	Grapefruit Bitters	2016-02-03 22:05:55.139259	2016-02-03 22:05:55.139259
8	Salt	2016-02-03 22:06:19.014876	2016-02-03 22:06:23.441082
9	Soda Water	2016-02-03 22:07:16.122463	2016-02-03 22:07:16.122463
10	Agave	2016-02-03 22:07:57.414518	2016-02-03 22:07:57.414518
11	Lemon Juice	2016-02-03 23:39:00.69886	2016-02-03 23:39:00.69886
12	Grapefruit Juice	2016-02-04 00:04:50.808225	2016-02-04 00:04:50.808225
\.


--
-- Name: ingredients_id_seq; Type: SEQUENCE SET; Schema: public; Owner: Guest
--

SELECT pg_catalog.setval('ingredients_id_seq', 12, true);


--
-- Data for Name: match_strengths; Type: TABLE DATA; Schema: public; Owner: Guest
--

COPY match_strengths (id, strength, ingredient_id, theme_id, created_at, updated_at) FROM stdin;
\.


--
-- Name: match_strengths_id_seq; Type: SEQUENCE SET; Schema: public; Owner: Guest
--

SELECT pg_catalog.setval('match_strengths_id_seq', 1, false);


--
-- Data for Name: recipe_entries; Type: TABLE DATA; Schema: public; Owner: Guest
--

COPY recipe_entries (id, amount, ingredient_id, cocktail_id, created_at, updated_at, category_id) FROM stdin;
1	\N	5	11	2016-02-02 19:02:55.25441	2016-02-02 19:02:55.25441	\N
2	\N	5	12	2016-02-02 19:16:30.622931	2016-02-02 19:16:30.622931	\N
3	\N	5	13	2016-02-02 19:29:33.711009	2016-02-02 19:29:33.711009	\N
4	\N	5	14	2016-02-02 19:30:04.376527	2016-02-02 19:30:04.376527	\N
5	\N	5	15	2016-02-02 19:32:05.888323	2016-02-02 19:32:05.888323	\N
6	\N	3	16	2016-02-02 19:32:13.705536	2016-02-02 19:32:13.705536	\N
7	\N	3	17	2016-02-02 19:33:32.361215	2016-02-02 19:33:32.361215	\N
8	\N	3	18	2016-02-02 19:41:18.322179	2016-02-02 19:41:18.322179	\N
9	\N	5	20	2016-02-02 19:43:26.109817	2016-02-02 19:43:26.109817	\N
10	\N	3	22	2016-02-02 19:45:24.05503	2016-02-02 19:45:24.05503	\N
11	\N	3	23	2016-02-02 19:46:40.496656	2016-02-02 19:46:40.496656	\N
12	\N	3	26	2016-02-02 19:47:38.913709	2016-02-02 19:47:38.913709	\N
13	\N	4	27	2016-02-02 19:47:40.664482	2016-02-02 19:47:40.664482	\N
14	\N	3	28	2016-02-02 19:51:11.041436	2016-02-02 19:51:11.041436	\N
15	\N	3	29	2016-02-02 19:53:45.297096	2016-02-02 19:53:45.297096	\N
16	\N	3	30	2016-02-02 19:54:55.287188	2016-02-02 19:54:55.287188	\N
17	\N	3	31	2016-02-02 19:55:29.83192	2016-02-02 19:55:29.83192	\N
18	\N	4	31	2016-02-02 19:55:31.543346	2016-02-02 19:55:31.543346	\N
19	\N	3	32	2016-02-02 19:56:51.616097	2016-02-02 19:56:51.616097	\N
20	\N	4	32	2016-02-02 19:56:53.334126	2016-02-02 19:56:53.334126	\N
21	\N	3	33	2016-02-02 19:58:25.280897	2016-02-02 19:58:25.280897	\N
22	\N	3	34	2016-02-02 19:58:36.26462	2016-02-02 19:58:36.26462	\N
23	\N	4	34	2016-02-02 19:59:00.08635	2016-02-02 19:59:00.08635	\N
24	\N	3	35	2016-02-02 20:01:54.282006	2016-02-02 20:01:54.282006	\N
25	\N	4	35	2016-02-02 20:01:57.334416	2016-02-02 20:01:57.334416	\N
26	\N	5	36	2016-02-02 20:02:13.936096	2016-02-02 20:02:13.936096	\N
27	\N	5	37	2016-02-02 21:11:52.057124	2016-02-02 21:11:52.057124	\N
28	\N	3	38	2016-02-02 21:11:56.768284	2016-02-02 21:11:56.768284	\N
29	\N	5	39	2016-02-02 21:39:01.167898	2016-02-02 21:39:01.167898	\N
30	\N	3	40	2016-02-02 21:55:40.312392	2016-02-02 21:55:40.312392	\N
31	\N	3	41	2016-02-02 21:58:23.351638	2016-02-02 21:58:23.351638	\N
32	\N	5	42	2016-02-02 22:26:21.072492	2016-02-02 22:26:21.072492	\N
33	\N	3	43	2016-02-02 22:46:19.940611	2016-02-02 22:46:19.940611	\N
34	\N	4	43	2016-02-02 22:46:27.128143	2016-02-02 22:46:27.128143	\N
35	\N	3	44	2016-02-02 23:10:13.256614	2016-02-02 23:10:13.256614	\N
42	\N	3	50	2016-02-02 23:33:59.51936	2016-02-02 23:33:59.51936	\N
46	\N	3	53	2016-02-02 23:47:43.11919	2016-02-02 23:47:43.11919	\N
47	\N	4	53	2016-02-02 23:47:44.527362	2016-02-02 23:47:44.527362	\N
48	1 oz	3	54	2016-02-02 23:51:57.792414	2016-02-02 23:51:57.792414	\N
49	\N	3	55	2016-02-02 23:57:07.680594	2016-02-02 23:57:07.680594	\N
50	\N	4	55	2016-02-02 23:57:08.774461	2016-02-02 23:57:08.774461	\N
51	\N	3	56	2016-02-03 00:25:13.423483	2016-02-03 00:25:13.423483	\N
52	\N	3	57	2016-02-03 00:26:20.705084	2016-02-03 00:26:20.705084	\N
53	\N	5	58	2016-02-03 00:32:25.535017	2016-02-03 00:32:25.535017	\N
54	\N	3	59	2016-02-03 00:34:28.177778	2016-02-03 00:34:28.177778	\N
55	\N	3	60	2016-02-03 00:34:42.743546	2016-02-03 00:34:42.743546	\N
56	\N	3	61	2016-02-03 00:34:56.600152	2016-02-03 00:34:56.600152	\N
57	\N	4	61	2016-02-03 00:35:49.254199	2016-02-03 00:35:49.254199	\N
58	\N	3	62	2016-02-03 00:36:19.616756	2016-02-03 00:36:19.616756	\N
59	\N	4	62	2016-02-03 00:36:20.990639	2016-02-03 00:36:20.990639	\N
60	\N	\N	65	2016-02-03 17:20:03.404572	2016-02-03 17:20:03.404572	\N
61	\N	3	65	2016-02-03 17:20:03.425169	2016-02-03 17:20:03.425169	\N
62	\N	3	73	2016-02-03 18:00:13.868029	2016-02-03 18:00:13.868029	1
63	\N	4	73	2016-02-03 18:00:17.231328	2016-02-03 18:00:17.231328	2
64	\N	4	73	2016-02-03 18:03:36.002987	2016-02-03 18:03:36.002987	2
65	\N	3	74	2016-02-03 18:08:24.150641	2016-02-03 18:08:24.150641	1
66	\N	4	74	2016-02-03 18:08:26.301415	2016-02-03 18:08:26.301415	2
67	\N	3	75	2016-02-03 18:26:07.392149	2016-02-03 18:26:07.392149	1
68	\N	3	76	2016-02-03 18:32:39.231523	2016-02-03 18:32:39.231523	1
69	1.0	3	77	2016-02-03 20:54:09.415942	2016-02-03 20:54:20.128693	1
70	1.0	4	77	2016-02-03 20:54:11.045671	2016-02-03 20:54:20.130876	2
71	1.0	3	78	2016-02-03 21:03:38.431581	2016-02-03 21:03:50.177616	1
72	1.0	4	78	2016-02-03 21:03:39.718595	2016-02-03 21:03:50.179542	2
75	\N	3	81	2016-02-03 21:05:36.471628	2016-02-03 21:05:36.471628	1
76	1.0	3	82	2016-02-03 21:06:05.814071	2016-02-03 21:06:11.12713	1
77	1.0	4	82	2016-02-03 21:06:06.996628	2016-02-03 21:06:11.129343	2
79	\N	3	84	2016-02-03 21:08:31.946707	2016-02-03 21:08:31.946707	1
80	\N	4	84	2016-02-03 21:08:34.054107	2016-02-03 21:08:34.054107	2
81	\N	3	85	2016-02-03 21:13:23.200417	2016-02-03 21:13:23.200417	1
82	\N	4	85	2016-02-03 21:13:27.565577	2016-02-03 21:13:27.565577	2
83	\N	3	86	2016-02-03 21:14:47.615474	2016-02-03 21:14:47.615474	1
84	\N	4	86	2016-02-03 21:14:48.879021	2016-02-03 21:14:48.879021	2
85	\N	3	87	2016-02-03 21:16:22.394372	2016-02-03 21:16:22.394372	1
86	\N	4	87	2016-02-03 21:16:23.452421	2016-02-03 21:16:23.452421	2
87	1.0	3	88	2016-02-03 21:19:31.3536	2016-02-03 21:19:37.26679	1
88	1.0	4	88	2016-02-03 21:19:33.095311	2016-02-03 21:19:37.268919	2
89	\N	3	89	2016-02-03 21:19:59.975286	2016-02-03 21:19:59.975286	1
90	\N	4	89	2016-02-03 21:20:01.342199	2016-02-03 21:20:01.342199	2
92	1.0	3	91	2016-02-03 21:28:51.3203	2016-02-03 21:28:59.043892	1
94	1.0	4	91	2016-02-03 21:29:02.877639	2016-02-03 21:29:08.545142	2
95	\N	3	92	2016-02-03 21:33:09.015269	2016-02-03 21:33:09.015269	1
96	\N	4	92	2016-02-03 21:33:10.341484	2016-02-03 21:33:10.341484	2
99	1.0	5	94	2016-02-03 21:34:55.183582	2016-02-03 21:34:59.138127	1
100	1.0	3	95	2016-02-03 21:35:13.575004	2016-02-03 21:37:37.290676	1
101	1.0	4	95	2016-02-03 21:35:14.982592	2016-02-03 21:37:41.85055	2
102	1.0	3	96	2016-02-03 21:39:54.663896	2016-02-03 21:40:46.042644	1
103	1.0	4	96	2016-02-03 21:39:56.933225	2016-02-03 21:40:55.39044	2
116	3 drops	7	102	2016-02-03 22:08:39.449091	2016-02-03 23:37:44.407901	7
104	-1.0	3	97	2016-02-03 21:43:17.01598	2016-02-03 21:44:13.586611	1
105	-1.0	4	97	2016-02-03 21:43:18.804787	2016-02-03 21:44:14.578453	2
118	0 oz	11	102	2016-02-03 23:39:21.854902	2016-02-03 23:39:45.036691	4
112	1 1/4 oz	4	102	2016-02-03 22:08:32.469532	2016-02-03 23:47:28.985957	2
109	0.5	3	100	2016-02-03 21:56:12.559563	2016-02-03 21:59:24.653746	1
106	2.0	3	98	2016-02-03 21:45:21.568798	2016-02-03 21:47:22.572908	1
107	2.0	4	98	2016-02-03 21:45:23.03823	2016-02-03 21:47:22.574754	2
110	2.0	3	101	2016-02-03 22:04:08.831003	2016-02-03 22:04:26.150636	1
108	0.25	3	99	2016-02-03 21:49:17.015437	2016-02-03 21:54:45.692504	1
122	1/4 oz	11	103	2016-02-04 00:03:29.887127	2016-02-04 00:18:50.16741	4
114	0 oz	6	102	2016-02-03 22:08:36.205636	2016-02-03 23:39:45.045096	4
111	1 1/4 oz	3	102	2016-02-03 22:08:30.216234	2016-02-03 23:47:26.881917	1
117	1 	8	102	2016-02-03 22:08:41.597462	2016-02-03 23:37:44.397647	6
115	1 1/2 oz	9	102	2016-02-03 22:08:37.748914	2016-02-03 23:47:28.186003	5
113	1 tsp	10	102	2016-02-03 22:08:34.684904	2016-02-03 23:37:44.406031	3
123	1/4 oz	6	103	2016-02-04 00:03:31.749853	2016-02-04 00:18:50.170575	4
121	1 tsp	10	103	2016-02-04 00:03:28.134823	2016-02-04 00:03:45.647704	3
120	1 1/4 oz	4	103	2016-02-04 00:03:26.677626	2016-02-04 00:18:50.172666	2
127	1/4 oz	12	103	2016-02-04 00:05:26.478647	2016-02-04 00:18:50.174558	4
124	1 1/2 oz	9	103	2016-02-04 00:03:33.831	2016-02-04 00:18:50.178138	5
125	3 drops	7	103	2016-02-04 00:03:35.342416	2016-02-04 00:03:45.655315	7
126	1 	8	103	2016-02-04 00:03:36.64582	2016-02-04 00:03:45.65705	6
119	1 1/4 oz	3	103	2016-02-04 00:03:25.087515	2016-02-04 00:18:50.164238	1
128	2 oz	3	104	2016-02-04 00:47:31.568741	2016-02-04 00:48:13.616121	1
129	2 oz	4	104	2016-02-04 00:47:34.223098	2016-02-04 00:48:13.618231	2
130	1/2 tsp	10	104	2016-02-04 00:47:35.670958	2016-02-04 00:48:13.620257	3
132	3/4 oz	11	104	2016-02-04 00:47:38.797727	2016-02-04 00:48:13.622099	4
133	3/4 oz	6	104	2016-02-04 00:47:41.126293	2016-02-04 00:48:13.624061	4
134	1 	8	104	2016-02-04 00:47:57.39767	2016-02-04 00:48:13.625937	6
136	1 oz	4	105	2016-02-04 01:02:39.637595	2016-02-04 01:20:46.953994	2
141	3 drops	7	105	2016-02-04 01:03:02.286876	2016-02-04 01:03:35.233854	7
137	1 tsp	10	105	2016-02-04 01:02:41.006172	2016-02-04 01:20:46.956593	3
138	1/4 oz	12	105	2016-02-04 01:02:46.230201	2016-02-04 01:20:46.958605	4
139	1/4 oz	11	105	2016-02-04 01:02:52.095179	2016-02-04 01:20:46.960512	4
140	1/4 oz	6	105	2016-02-04 01:02:53.607204	2016-02-04 01:20:46.962411	4
135	1 oz	3	105	2016-02-04 01:02:20.768135	2016-02-04 01:20:46.96572	1
142	1 	8	105	2016-02-04 01:20:41.752592	2016-02-04 01:20:46.967747	6
143	1 oz	5	107	2016-02-04 01:59:42.791785	2016-02-04 02:00:48.54902	1
144	1/4 oz	5	108	2016-02-04 16:56:44.458081	2016-02-04 16:57:33.258981	1
145	1 1/2 tsp	10	108	2016-02-04 16:56:49.366194	2016-02-04 16:57:33.261575	3
146	1/2 oz	11	108	2016-02-04 16:56:51.813111	2016-02-04 16:57:33.263911	4
147	3 1/2 oz	12	108	2016-02-04 16:56:53.703691	2016-02-04 16:57:33.266027	5
148	1 	8	108	2016-02-04 16:56:56.414023	2016-02-04 16:57:33.268397	6
149	\N	3	109	2016-02-04 17:12:09.104447	2016-02-04 17:12:09.104447	1
\.


--
-- Name: recipe_entries_id_seq; Type: SEQUENCE SET; Schema: public; Owner: Guest
--

SELECT pg_catalog.setval('recipe_entries_id_seq', 149, true);


--
-- Data for Name: schema_migrations; Type: TABLE DATA; Schema: public; Owner: Guest
--

COPY schema_migrations (version) FROM stdin;
20160201185327
20160201185500
20160201185754
20160201223626
20160202175933
20160202222155
20160203163044
20160203163420
20160203181627
20160203185150
20160203192825
\.


--
-- Data for Name: themes; Type: TABLE DATA; Schema: public; Owner: Guest
--

COPY themes (id, name, created_at, updated_at) FROM stdin;
\.


--
-- Name: themes_id_seq; Type: SEQUENCE SET; Schema: public; Owner: Guest
--

SELECT pg_catalog.setval('themes_id_seq', 1, false);


--
-- PostgreSQL database dump complete
--

