--
-- PostgreSQL database dump
--

SET statement_timeout = 0;
SET lock_timeout = 0;
SET client_encoding = 'UTF8';
SET standard_conforming_strings = on;
SET check_function_bodies = false;
SET client_min_messages = warning;

SET search_path = public, pg_catalog;

--
-- Data for Name: categories; Type: TABLE DATA; Schema: public; Owner: Guest
--

COPY categories (id, name, created_at, updated_at, unit, default_amount, modifier) FROM stdin;
4	Acid	\N	2016-02-05 03:11:25.783639	oz	1	sweetness negative
7	Aromatic	\N	2016-02-05 03:11:39.7593	dashes	3	none
6	Garnish	\N	2016-02-05 03:11:50.021757		1	none
5	Mixer	\N	2016-02-05 03:12:04.990012	oz	2	strength negative
2	Secondary	\N	2016-02-05 03:12:40.735796	oz	1	strength positive
1	Primary	\N	2016-02-05 03:12:50.023076	oz	1.5	strength positive
3	Sweetener	\N	2016-02-05 03:13:11.239614	tsp	1	sweetness positive
\.


--
-- Name: categories_id_seq; Type: SEQUENCE SET; Schema: public; Owner: Guest
--

SELECT pg_catalog.setval('categories_id_seq', 7, true);


--
-- Data for Name: categories_ingredients; Type: TABLE DATA; Schema: public; Owner: Guest
--

COPY categories_ingredients (id, category_id, ingredient_id) FROM stdin;
15	3	19
16	7	21
17	1	21
19	6	22
20	1	12
23	4	12
24	4	25
25	7	25
26	7	26
27	5	26
28	4	27
29	6	27
30	4	28
31	6	28
32	1	28
57	6	39
60	5	1
61	1	44
62	2	44
63	3	45
64	2	45
65	4	46
66	1	47
67	2	47
68	2	49
69	1	49
70	1	48
71	2	48
74	7	51
75	7	52
76	7	53
77	1	54
79	2	54
80	7	55
81	7	56
82	6	57
83	6	58
84	7	58
85	2	59
86	3	59
87	5	60
88	1	61
89	2	61
90	5	62
91	1	63
92	2	63
93	3	64
94	7	65
95	4	66
96	6	67
97	6	68
98	6	69
99	3	70
101	7	71
102	5	72
103	3	73
104	2	73
105	6	74
106	7	75
107	2	76
108	1	76
109	1	77
110	2	77
111	7	78
112	3	79
113	5	80
114	3	81
115	5	82
116	2	83
117	2	84
118	3	84
119	5	85
120	1	86
121	2	86
122	2	87
123	1	87
124	1	88
125	2	88
126	7	89
127	5	90
128	5	91
129	6	92
130	3	93
131	2	93
132	3	94
133	3	95
134	5	96
135	3	96
136	5	97
137	3	97
138	5	98
139	3	98
141	5	99
142	1	100
143	2	100
144	5	101
145	3	101
146	5	102
147	7	103
148	6	104
149	5	105
150	5	106
152	1	107
153	2	107
154	5	108
155	3	108
156	3	109
157	3	110
158	3	111
160	7	112
161	7	113
162	5	114
163	2	114
164	3	115
165	5	116
166	2	117
167	3	117
168	1	119
169	2	119
170	5	120
171	2	121
172	3	122
173	5	122
175	5	123
\.


--
-- Name: categories_ingredients_id_seq; Type: SEQUENCE SET; Schema: public; Owner: Guest
--

SELECT pg_catalog.setval('categories_ingredients_id_seq', 175, true);


--
-- Data for Name: cocktail_ratings; Type: TABLE DATA; Schema: public; Owner: Guest
--

COPY cocktail_ratings (id, cocktail_id, score, created_at, updated_at) FROM stdin;
3	41	5	2016-02-05 03:24:41.808884	2016-02-05 03:24:41.808884
\.


--
-- Name: cocktail_ratings_id_seq; Type: SEQUENCE SET; Schema: public; Owner: Guest
--

SELECT pg_catalog.setval('cocktail_ratings_id_seq', 3, true);


--
-- Data for Name: cocktails; Type: TABLE DATA; Schema: public; Owner: Guest
--

COPY cocktails (id, name, created_at, updated_at, theme_id) FROM stdin;
43	Temporary	2016-02-05 03:51:22.781905	2016-02-05 03:51:26.466279	\N
42	Temporary	2016-02-05 03:44:42.971001	2016-02-05 03:51:19.553049	\N
\.


--
-- Name: cocktails_id_seq; Type: SEQUENCE SET; Schema: public; Owner: Guest
--

SELECT pg_catalog.setval('cocktails_id_seq', 43, true);


--
-- Data for Name: combinations; Type: TABLE DATA; Schema: public; Owner: Guest
--

COPY combinations (ingredient_id, complement_id) FROM stdin;
39	1
9	5
11	5
45	44
44	45
46	45
45	46
46	44
44	46
47	49
49	47
47	45
45	47
47	46
46	47
44	50
50	44
44	49
49	44
44	48
48	44
49	45
45	49
49	46
46	49
49	48
48	49
49	50
50	49
48	46
46	48
48	45
45	48
51	45
45	51
51	46
46	51
51	50
50	51
51	47
47	51
51	44
44	51
51	49
49	51
51	48
48	51
52	51
51	52
52	47
47	52
52	45
45	52
52	46
46	52
52	50
50	52
52	44
44	52
52	49
49	52
52	48
48	52
53	51
51	53
53	52
52	53
53	47
47	53
53	45
45	53
53	46
46	53
53	50
50	53
53	44
44	53
53	49
49	53
53	48
48	53
54	51
51	54
54	52
52	54
54	47
47	54
54	53
53	54
54	45
45	54
54	46
46	54
54	50
50	54
54	44
44	54
54	49
49	54
54	48
48	54
55	51
51	55
55	52
52	55
55	47
47	55
55	54
54	55
55	53
53	55
55	45
45	55
55	46
46	55
55	50
50	55
55	44
44	55
55	49
49	55
55	48
48	55
56	44
44	56
56	49
49	56
56	46
46	56
57	44
44	57
57	49
49	57
57	56
56	57
57	52
52	57
57	53
53	57
57	55
55	57
57	46
46	57
58	56
56	58
58	57
57	58
58	46
46	58
58	49
49	58
58	44
44	58
59	51
51	59
59	52
52	59
59	47
47	59
59	54
54	59
59	53
53	59
59	55
55	59
59	45
45	59
59	46
46	59
59	50
50	59
59	44
44	59
59	49
49	59
59	48
48	59
60	51
51	60
60	54
54	60
60	50
50	60
60	44
44	60
60	49
49	60
60	48
48	60
61	51
51	61
61	52
52	61
61	47
47	61
61	54
54	61
61	53
53	61
61	55
55	61
61	59
59	61
61	60
60	61
61	49
49	61
61	48
48	61
62	54
54	62
62	60
60	62
62	50
50	62
62	48
48	62
62	49
49	62
62	61
61	62
63	51
51	63
63	52
52	63
63	54
54	63
63	53
53	63
63	55
55	63
63	56
56	63
63	57
57	63
63	58
58	63
63	59
59	63
63	60
60	63
63	61
61	63
63	45
45	63
63	46
46	63
63	50
50	63
63	44
44	63
63	49
49	63
63	48
48	63
64	51
51	64
64	52
52	64
64	47
47	64
64	54
54	64
64	53
53	64
64	55
55	64
64	59
59	64
64	61
61	64
64	45
45	64
64	63
63	64
64	46
46	64
64	50
50	64
64	44
44	64
64	49
49	64
64	48
48	64
65	49
49	65
65	44
44	65
65	46
46	65
65	58
58	65
65	57
57	65
65	56
56	65
66	51
51	66
66	48
48	66
66	49
49	66
66	44
44	66
66	50
50	66
66	46
46	66
66	65
65	66
66	64
64	66
66	63
63	66
66	45
45	66
66	61
61	66
66	59
59	66
66	58
58	66
66	57
57	66
66	56
56	66
66	55
55	66
66	53
53	66
66	54
54	66
66	47
47	66
66	52
52	66
67	48
48	67
67	49
49	67
67	44
44	67
67	50
50	67
67	46
46	67
67	66
66	67
67	65
65	67
67	64
64	67
67	63
63	67
67	45
45	67
67	61
61	67
67	59
59	67
67	58
58	67
67	57
57	67
67	56
56	67
67	55
55	67
67	53
53	67
67	54
54	67
67	47
47	67
67	52
52	67
67	51
51	67
68	48
48	68
68	49
49	68
68	44
44	68
68	50
50	68
68	46
46	68
68	67
67	68
68	66
66	68
68	65
65	68
68	64
64	68
68	63
63	68
68	62
62	68
68	45
45	68
68	61
61	68
68	59
59	68
68	58
58	68
68	57
57	68
68	56
56	68
68	55
55	68
68	53
53	68
68	54
54	68
68	47
47	68
68	52
52	68
68	51
51	68
69	48
48	69
69	49
49	69
69	44
44	69
69	50
50	69
69	68
68	69
69	46
46	69
69	67
67	69
69	66
66	69
69	64
64	69
69	63
63	69
69	62
62	69
69	45
45	69
69	61
61	69
69	60
60	69
69	59
59	69
69	55
55	69
69	53
53	69
69	54
54	69
69	47
47	69
69	52
52	69
69	51
51	69
70	48
48	70
70	49
49	70
70	44
44	70
70	50
50	70
70	69
69	70
70	68
68	70
70	46
46	70
70	67
67	70
70	66
66	70
70	64
64	70
70	63
63	70
70	62
62	70
70	45
45	70
70	61
61	70
70	60
60	70
70	59
59	70
70	55
55	70
70	53
53	70
70	54
54	70
70	47
47	70
70	52
52	70
70	51
51	70
71	51
51	71
71	52
52	71
71	47
47	71
71	54
54	71
71	53
53	71
71	55
55	71
71	56
56	71
71	57
57	71
71	58
58	71
71	59
59	71
71	61
61	71
71	45
45	71
71	62
62	71
71	63
63	71
71	64
64	71
71	65
65	71
71	66
66	71
71	67
67	71
71	46
46	71
71	68
68	71
71	69
69	71
71	70
70	71
71	50
50	71
71	44
44	71
71	49
49	71
71	48
48	71
72	51
51	72
72	52
52	72
72	47
47	72
72	54
54	72
72	53
53	72
72	55
55	72
72	56
56	72
72	57
57	72
72	58
58	72
72	59
59	72
72	61
61	72
72	45
45	72
72	62
62	72
72	63
63	72
72	64
64	72
72	65
65	72
72	66
66	72
72	67
67	72
72	46
46	72
72	68
68	72
72	69
69	72
72	70
70	72
72	71
71	72
72	50
50	72
72	44
44	72
72	49
49	72
72	48
48	72
73	51
51	73
73	52
52	73
73	47
47	73
73	54
54	73
73	53
53	73
73	55
55	73
73	56
56	73
73	59
59	73
73	61
61	73
73	45
45	73
73	62
62	73
73	63
63	73
73	64
64	73
73	66
66	73
73	67
67	73
73	46
46	73
73	68
68	73
73	69
69	73
73	70
70	73
73	71
71	73
73	72
72	73
73	50
50	73
73	44
44	73
73	49
49	73
73	48
48	73
74	51
51	74
74	52
52	74
74	47
47	74
74	54
54	74
74	53
53	74
74	55
55	74
74	56
56	74
74	57
57	74
74	58
58	74
74	59
59	74
74	61
61	74
74	45
45	74
74	62
62	74
74	63
63	74
74	64
64	74
74	65
65	74
74	66
66	74
74	67
67	74
74	46
46	74
74	68
68	74
74	69
69	74
74	70
70	74
74	71
71	74
74	72
72	74
74	73
73	74
74	50
50	74
74	44
44	74
74	49
49	74
74	48
48	74
75	51
51	75
75	52
52	75
75	47
47	75
75	54
54	75
75	53
53	75
75	55
55	75
75	56
56	75
75	57
57	75
75	58
58	75
75	59
59	75
75	60
60	75
75	61
61	75
75	45
45	75
75	62
62	75
75	63
63	75
75	64
64	75
75	65
65	75
75	66
66	75
75	67
67	75
75	46
46	75
75	68
68	75
75	69
69	75
75	70
70	75
75	71
71	75
75	72
72	75
75	73
73	75
75	74
74	75
75	50
50	75
75	44
44	75
75	49
49	75
75	48
48	75
76	51
51	76
76	52
52	76
76	47
47	76
76	54
54	76
76	53
53	76
76	55
55	76
76	56
56	76
76	57
57	76
76	58
58	76
76	59
59	76
76	60
60	76
76	61
61	76
76	45
45	76
76	62
62	76
76	63
63	76
76	64
64	76
76	65
65	76
76	66
66	76
76	67
67	76
76	46
46	76
76	68
68	76
76	69
69	76
76	70
70	76
76	71
71	76
76	72
72	76
76	73
73	76
76	74
74	76
76	75
75	76
76	50
50	76
76	44
44	76
76	49
49	76
76	48
48	76
77	51
51	77
77	52
52	77
77	47
47	77
77	54
54	77
77	53
53	77
77	55
55	77
77	56
56	77
77	57
57	77
77	58
58	77
77	59
59	77
77	60
60	77
77	61
61	77
77	45
45	77
77	62
62	77
77	63
63	77
77	64
64	77
77	65
65	77
77	66
66	77
77	67
67	77
77	46
46	77
77	68
68	77
77	69
69	77
77	70
70	77
77	71
71	77
77	72
72	77
77	73
73	77
77	74
74	77
77	75
75	77
77	50
50	77
77	76
76	77
77	44
44	77
77	49
49	77
77	48
48	77
78	51
51	78
78	52
52	78
78	47
47	78
78	54
54	78
78	53
53	78
78	55
55	78
78	56
56	78
78	57
57	78
78	58
58	78
78	59
59	78
78	61
61	78
78	45
45	78
78	63
63	78
78	64
64	78
78	65
65	78
78	66
66	78
78	67
67	78
78	46
46	78
78	68
68	78
78	69
69	78
78	70
70	78
78	71
71	78
78	72
72	78
78	73
73	78
78	74
74	78
78	75
75	78
78	76
76	78
78	77
77	78
78	50
50	78
78	44
44	78
78	49
49	78
78	48
48	78
79	51
51	79
79	52
52	79
79	47
47	79
79	54
54	79
79	53
53	79
79	55
55	79
79	59
59	79
79	60
60	79
79	61
61	79
79	45
45	79
79	62
62	79
79	63
63	79
79	64
64	79
79	66
66	79
79	67
67	79
79	46
46	79
79	68
68	79
79	69
69	79
79	70
70	79
79	71
71	79
79	72
72	79
79	73
73	79
79	74
74	79
79	75
75	79
79	50
50	79
79	76
76	79
79	77
77	79
79	78
78	79
79	44
44	79
79	49
49	79
79	48
48	79
80	51
51	80
80	52
52	80
80	47
47	80
80	54
54	80
80	53
53	80
80	55
55	80
80	59
59	80
80	61
61	80
80	45
45	80
80	63
63	80
80	64
64	80
80	66
66	80
80	67
67	80
80	46
46	80
80	68
68	80
80	69
69	80
80	70
70	80
80	71
71	80
80	72
72	80
80	73
73	80
80	74
74	80
80	75
75	80
80	50
50	80
80	76
76	80
80	77
77	80
80	79
79	80
80	49
49	80
81	51
51	81
81	52
52	81
81	47
47	81
81	54
54	81
81	48
48	81
81	49
49	81
81	44
44	81
81	80
80	81
81	78
78	81
81	77
77	81
81	76
76	81
81	50
50	81
81	75
75	81
81	74
74	81
81	73
73	81
81	72
72	81
81	71
71	81
81	70
70	81
81	69
69	81
81	68
68	81
81	46
46	81
81	67
67	81
81	66
66	81
81	64
64	81
81	63
63	81
81	62
62	81
81	45
45	81
81	61
61	81
81	60
60	81
81	59
59	81
81	55
55	81
81	53
53	81
82	48
48	82
82	49
49	82
82	44
44	82
82	78
78	82
82	75
75	82
82	74
74	82
82	73
73	82
82	72
72	82
82	71
71	82
82	68
68	82
82	46
46	82
82	67
67	82
82	66
66	82
82	65
65	82
82	63
63	82
82	58
58	82
82	57
57	82
82	56
56	82
82	52
52	82
82	55
55	82
82	53
53	82
83	51
51	83
83	52
52	83
83	47
47	83
83	54
54	83
83	53
53	83
83	55
55	83
83	56
56	83
83	57
57	83
83	58
58	83
83	59
59	83
83	60
60	83
83	61
61	83
83	45
45	83
83	62
62	83
83	64
64	83
83	63
63	83
83	65
65	83
83	66
66	83
83	67
67	83
83	46
46	83
83	68
68	83
83	69
69	83
83	70
70	83
83	71
71	83
83	72
72	83
83	73
73	83
83	74
74	83
83	75
75	83
83	50
50	83
83	76
76	83
83	77
77	83
83	78
78	83
83	79
79	83
83	80
80	83
83	81
81	83
83	44
44	83
83	82
82	83
83	49
49	83
83	48
48	83
84	51
51	84
84	52
52	84
84	47
47	84
84	54
54	84
84	53
53	84
84	55
55	84
84	56
56	84
84	59
59	84
84	61
61	84
84	45
45	84
84	62
62	84
84	63
63	84
84	64
64	84
84	65
65	84
84	66
66	84
84	67
67	84
84	46
46	84
84	68
68	84
84	69
69	84
84	70
70	84
84	71
71	84
84	72
72	84
84	73
73	84
84	74
74	84
84	75
75	84
84	50
50	84
84	76
76	84
84	77
77	84
84	78
78	84
84	79
79	84
84	80
80	84
84	81
81	84
84	44
44	84
84	82
82	84
84	83
83	84
84	49
49	84
84	48
48	84
85	51
51	85
85	52
52	85
85	47
47	85
85	54
54	85
85	53
53	85
85	55
55	85
85	56
56	85
85	57
57	85
85	58
58	85
85	59
59	85
85	60
60	85
85	61
61	85
85	45
45	85
85	62
62	85
85	63
63	85
85	64
64	85
85	65
65	85
85	66
66	85
85	67
67	85
85	46
46	85
85	68
68	85
85	69
69	85
85	70
70	85
85	71
71	85
85	72
72	85
85	73
73	85
85	74
74	85
85	75
75	85
85	50
50	85
85	76
76	85
85	77
77	85
85	78
78	85
85	79
79	85
85	80
80	85
85	81
81	85
85	44
44	85
85	82
82	85
85	83
83	85
85	84
84	85
85	49
49	85
85	48
48	85
86	48
48	86
86	85
85	86
86	84
84	86
86	83
83	86
86	81
81	86
86	80
80	86
86	79
79	86
86	76
76	86
86	77
77	86
86	50
50	86
86	75
75	86
86	74
74	86
86	72
72	86
86	73
73	86
86	71
71	86
86	70
70	86
86	69
69	86
86	68
68	86
86	67
67	86
86	66
66	86
86	64
64	86
86	63
63	86
86	62
62	86
86	45
45	86
86	61
61	86
86	60
60	86
86	59
59	86
86	56
56	86
86	51
51	86
86	52
52	86
86	47
47	86
86	54
54	86
86	53
53	86
86	55
55	86
87	51
51	87
87	52
52	87
87	47
47	87
87	54
54	87
87	53
53	87
87	55
55	87
87	59
59	87
87	60
60	87
87	61
61	87
87	45
45	87
87	62
62	87
87	63
63	87
87	64
64	87
87	66
66	87
87	67
67	87
87	46
46	87
87	68
68	87
87	69
69	87
87	70
70	87
87	71
71	87
87	72
72	87
87	73
73	87
87	74
74	87
87	75
75	87
87	76
76	87
87	50
50	87
87	77
77	87
87	79
79	87
87	81
81	87
87	83
83	87
87	84
84	87
87	49
49	87
87	85
85	87
87	48
48	87
87	86
86	87
88	51
51	88
88	52
52	88
88	47
47	88
88	54
54	88
88	53
53	88
88	55
55	88
88	59
59	88
88	60
60	88
88	61
61	88
88	45
45	88
88	62
62	88
88	63
63	88
88	64
64	88
88	66
66	88
88	67
67	88
88	46
46	88
88	68
68	88
88	69
69	88
88	70
70	88
88	71
71	88
88	72
72	88
88	73
73	88
88	74
74	88
88	75
75	88
88	76
76	88
88	50
50	88
88	77
77	88
88	79
79	88
88	80
80	88
88	81
81	88
88	86
86	88
88	87
87	88
88	48
48	88
88	85
85	88
88	49
49	88
88	84
84	88
88	83
83	88
88	78
78	88
89	88
88	89
89	87
87	89
89	86
86	89
89	48
48	89
89	85
85	89
89	49
49	89
89	82
82	89
89	75
75	89
89	65
65	89
89	54
54	89
89	56
56	89
89	57
57	89
89	58
58	89
90	51
51	90
90	52
52	90
90	47
47	90
90	54
54	90
90	53
53	90
90	55
55	90
90	56
56	90
90	57
57	90
90	58
58	90
90	59
59	90
90	61
61	90
90	45
45	90
90	62
62	90
90	63
63	90
90	64
64	90
90	65
65	90
90	66
66	90
90	67
67	90
90	46
46	90
90	68
68	90
90	69
69	90
90	60
60	90
90	70
70	90
90	71
71	90
90	72
72	90
90	73
73	90
90	74
74	90
90	75
75	90
90	50
50	90
90	76
76	90
90	77
77	90
90	78
78	90
90	79
79	90
90	80
80	90
90	81
81	90
90	44
44	90
90	82
82	90
90	83
83	90
90	84
84	90
90	49
49	90
90	85
85	90
90	48
48	90
90	86
86	90
90	87
87	90
90	88
88	90
90	89
89	90
91	51
51	91
91	52
52	91
91	47
47	91
91	54
54	91
91	53
53	91
91	55
55	91
91	56
56	91
91	57
57	91
91	58
58	91
91	59
59	91
91	90
90	91
91	60
60	91
91	61
61	91
91	45
45	91
91	62
62	91
91	63
63	91
91	64
64	91
91	65
65	91
91	66
66	91
91	67
67	91
91	46
46	91
91	68
68	91
91	69
69	91
91	70
70	91
91	71
71	91
91	72
72	91
91	73
73	91
91	74
74	91
91	75
75	91
91	50
50	91
91	76
76	91
91	77
77	91
91	78
78	91
91	79
79	91
91	80
80	91
91	81
81	91
91	44
44	91
91	82
82	91
91	83
83	91
91	84
84	91
91	49
49	91
91	85
85	91
91	48
48	91
91	86
86	91
91	87
87	91
91	88
88	91
91	89
89	91
92	88
88	92
92	86
86	92
92	87
87	92
92	48
48	92
92	85
85	92
92	49
49	92
92	84
84	92
92	83
83	92
92	91
91	92
92	81
81	92
92	80
80	92
92	79
79	92
92	77
77	92
92	76
76	92
92	50
50	92
92	75
75	92
92	74
74	92
92	73
73	92
92	72
72	92
92	70
70	92
92	44
44	92
92	51
51	92
92	52
52	92
92	47
47	92
92	54
54	92
92	53
53	92
92	55
55	92
92	59
59	92
92	90
90	92
92	61
61	92
92	45
45	92
92	62
62	92
92	64
64	92
92	66
66	92
92	67
67	92
92	46
46	92
92	68
68	92
92	69
69	92
92	71
71	92
93	51
51	93
93	52
52	93
93	47
47	93
93	54
54	93
93	53
53	93
93	55
55	93
93	59
59	93
93	90
90	93
93	62
62	93
93	64
64	93
93	66
66	93
93	67
67	93
93	68
68	93
93	46
46	93
93	71
71	93
93	72
72	93
93	73
73	93
93	74
74	93
93	75
75	93
93	76
76	93
93	77
77	93
93	79
79	93
93	80
80	93
93	81
81	93
93	44
44	93
93	91
91	93
93	83
83	93
93	84
84	93
94	51
51	94
94	52
52	94
94	47
47	94
94	54
54	94
94	53
53	94
94	55
55	94
94	59
59	94
94	90
90	94
94	61
61	94
94	45
45	94
94	62
62	94
94	93
93	94
94	64
64	94
94	66
66	94
94	67
67	94
94	46
46	94
94	68
68	94
94	69
69	94
94	70
70	94
94	71
71	94
94	92
92	94
94	72
72	94
94	73
73	94
94	74
74	94
94	75
75	94
94	50
50	94
94	76
76	94
94	77
77	94
94	79
79	94
94	80
80	94
94	81
81	94
94	44
44	94
94	83
83	94
94	84
84	94
94	85
85	94
94	49
49	94
94	60
60	94
94	87
87	94
94	86
86	94
94	48
48	94
94	88
88	94
94	91
91	94
95	51
51	95
95	52
52	95
95	47
47	95
95	54
54	95
95	53
53	95
95	55
55	95
95	59
59	95
95	60
60	95
95	61
61	95
95	45
45	95
95	62
62	95
95	93
93	95
95	63
63	95
95	64
64	95
95	66
66	95
95	67
67	95
95	46
46	95
95	68
68	95
95	69
69	95
95	70
70	95
95	92
92	95
95	71
71	95
95	72
72	95
95	73
73	95
95	74
74	95
95	94
94	95
95	75
75	95
95	50
50	95
95	76
76	95
95	77
77	95
95	79
79	95
95	80
80	95
95	81
81	95
95	44
44	95
95	91
91	95
95	83
83	95
95	84
84	95
95	49
49	95
95	85
85	95
95	48
48	95
95	86
86	95
95	87
87	95
95	88
88	95
96	51
51	96
96	52
52	96
96	47
47	96
96	54
54	96
96	53
53	96
96	55
55	96
96	59
59	96
96	90
90	96
96	61
61	96
96	45
45	96
96	93
93	96
96	63
63	96
96	64
64	96
96	66
66	96
96	67
67	96
96	46
46	96
96	68
68	96
96	69
69	96
96	70
70	96
96	71
71	96
96	72
72	96
96	73
73	96
96	74
74	96
96	94
94	96
96	75
75	96
96	50
50	96
96	79
79	96
96	78
78	96
96	80
80	96
96	81
81	96
96	44
44	96
96	91
91	96
96	95
95	96
96	83
83	96
96	84
84	96
96	49
49	96
96	85
85	96
96	48
48	96
96	86
86	96
96	87
87	96
96	88
88	96
97	51
51	97
97	54
54	97
97	90
90	97
97	61
61	97
97	45
45	97
97	63
63	97
97	72
72	97
97	73
73	97
97	94
94	97
97	75
75	97
97	50
50	97
97	76
76	97
97	77
77	97
97	79
79	97
97	91
91	97
97	95
95	97
97	85
85	97
97	48
48	97
97	86
86	97
97	87
87	97
97	88
88	97
98	51
51	98
98	52
52	98
98	47
47	98
98	54
54	98
98	53
53	98
98	55
55	98
98	59
59	98
98	90
90	98
98	61
61	98
98	45
45	98
98	96
96	98
98	62
62	98
98	93
93	98
98	63
63	98
98	64
64	98
98	66
66	98
98	67
67	98
98	46
46	98
98	68
68	98
98	69
69	98
98	70
70	98
98	92
92	98
98	71
71	98
98	72
72	98
98	73
73	98
98	74
74	98
98	94
94	98
98	75
75	98
98	50
50	98
98	76
76	98
98	77
77	98
98	79
79	98
98	80
80	98
98	81
81	98
98	44
44	98
98	95
95	98
98	83
83	98
98	84
84	98
98	49
49	98
98	85
85	98
98	48
48	98
98	86
86	98
98	87
87	98
98	88
88	98
99	51
51	99
99	52
52	99
99	47
47	99
99	54
54	99
99	53
53	99
99	55
55	99
99	59
59	99
99	90
90	99
99	61
61	99
99	45
45	99
99	96
96	99
99	93
93	99
99	63
63	99
99	98
98	99
99	64
64	99
99	66
66	99
99	67
67	99
99	46
46	99
99	68
68	99
99	69
69	99
99	70
70	99
99	71
71	99
99	92
92	99
99	72
72	99
99	73
73	99
99	74
74	99
99	94
94	99
99	75
75	99
99	50
50	99
99	76
76	99
99	77
77	99
99	78
78	99
99	79
79	99
99	80
80	99
99	81
81	99
99	44
44	99
99	91
91	99
99	95
95	99
99	83
83	99
99	84
84	99
99	49
49	99
99	85
85	99
99	48
48	99
99	86
86	99
99	88
88	99
99	89
89	99
100	51
51	100
100	52
52	100
100	47
47	100
100	54
54	100
100	53
53	100
100	55
55	100
100	59
59	100
100	90
90	100
100	61
61	100
100	45
45	100
100	96
96	100
100	62
62	100
100	93
93	100
100	63
63	100
100	98
98	100
100	99
99	100
100	64
64	100
100	66
66	100
100	67
67	100
100	46
46	100
100	68
68	100
100	69
69	100
100	70
70	100
100	92
92	100
100	71
71	100
100	72
72	100
100	73
73	100
100	74
74	100
100	94
94	100
100	75
75	100
100	50
50	100
100	76
76	100
100	77
77	100
100	78
78	100
100	79
79	100
100	80
80	100
100	81
81	100
100	44
44	100
100	82
82	100
100	91
91	100
100	95
95	100
100	83
83	100
100	84
84	100
100	49
49	100
100	85
85	100
100	48
48	100
100	86
86	100
100	87
87	100
100	88
88	100
101	51
51	101
101	52
52	101
101	47
47	101
101	54
54	101
101	53
53	101
101	55
55	101
101	59
59	101
101	90
90	101
101	61
61	101
101	45
45	101
101	96
96	101
101	62
62	101
101	93
93	101
101	63
63	101
101	98
98	101
101	99
99	101
101	64
64	101
101	66
66	101
101	67
67	101
101	46
46	101
101	68
68	101
101	69
69	101
101	70
70	101
101	71
71	101
101	72
72	101
101	73
73	101
101	74
74	101
101	94
94	101
101	75
75	101
101	50
50	101
101	76
76	101
101	77
77	101
101	79
79	101
101	80
80	101
101	81
81	101
101	44
44	101
101	91
91	101
101	95
95	101
101	83
83	101
101	84
84	101
101	49
49	101
101	85
85	101
102	51
51	102
102	52
52	102
102	47
47	102
102	54
54	102
102	53
53	102
102	55
55	102
102	59
59	102
102	90
90	102
102	61
61	102
102	45
45	102
102	96
96	102
102	62
62	102
102	93
93	102
102	63
63	102
102	98
98	102
102	99
99	102
102	64
64	102
102	66
66	102
102	67
67	102
102	46
46	102
102	68
68	102
102	69
69	102
102	70
70	102
102	71
71	102
102	72
72	102
102	101
101	102
102	73
73	102
102	74
74	102
102	75
75	102
102	94
94	102
102	50
50	102
102	76
76	102
102	77
77	102
102	79
79	102
102	80
80	102
102	44
44	102
102	91
91	102
102	95
95	102
102	83
83	102
102	84
84	102
102	49
49	102
102	85
85	102
102	48
48	102
102	86
86	102
102	87
87	102
102	88
88	102
103	51
51	103
103	52
52	103
103	47
47	103
103	54
54	103
103	53
53	103
103	55
55	103
103	57
57	103
103	58
58	103
103	59
59	103
103	90
90	103
103	61
61	103
103	45
45	103
103	97
97	103
103	96
96	103
103	62
62	103
103	93
93	103
103	63
63	103
103	98
98	103
103	99
99	103
103	102
102	103
103	64
64	103
103	66
66	103
103	67
67	103
103	46
46	103
103	68
68	103
103	69
69	103
103	70
70	103
103	92
92	103
103	72
72	103
103	101
101	103
103	73
73	103
103	74
74	103
103	75
75	103
103	94
94	103
103	50
50	103
103	76
76	103
103	77
77	103
103	78
78	103
103	79
79	103
103	80
80	103
103	81
81	103
103	44
44	103
103	91
91	103
103	95
95	103
103	83
83	103
103	84
84	103
103	49
49	103
103	85
85	103
103	48
48	103
103	86
86	103
103	87
87	103
103	88
88	103
103	71
71	103
104	92
92	104
104	55
55	104
104	52
52	104
104	47
47	104
104	90
90	104
104	59
59	104
104	45
45	104
104	96
96	104
104	93
93	104
104	63
63	104
104	98
98	104
104	99
99	104
104	103
103	104
104	102
102	104
104	64
64	104
104	66
66	104
104	67
67	104
104	46
46	104
104	68
68	104
104	71
71	104
104	72
72	104
104	101
101	104
104	73
73	104
104	74
74	104
104	94
94	104
104	75
75	104
104	50
50	104
104	76
76	104
104	77
77	104
104	78
78	104
104	79
79	104
104	80
80	104
104	81
81	104
104	44
44	104
104	91
91	104
104	95
95	104
104	83
83	104
104	84
84	104
104	48
48	104
104	85
85	104
104	49
49	104
104	86
86	104
105	52
52	105
105	47
47	105
105	54
54	105
105	53
53	105
105	55
55	105
105	56
56	105
105	59
59	105
105	90
90	105
105	61
61	105
105	45
45	105
105	96
96	105
105	104
104	105
105	93
93	105
105	63
63	105
105	98
98	105
105	99
99	105
105	103
103	105
105	102
102	105
105	64
64	105
105	66
66	105
105	67
67	105
105	46
46	105
105	68
68	105
105	69
69	105
105	70
70	105
105	71
71	105
105	72
72	105
105	101
101	105
105	73
73	105
105	74
74	105
105	94
94	105
105	75
75	105
105	50
50	105
105	77
77	105
105	79
79	105
105	80
80	105
105	81
81	105
105	44
44	105
105	91
91	105
105	95
95	105
105	83
83	105
105	84
84	105
105	49
49	105
105	85
85	105
105	48
48	105
105	86
86	105
105	87
87	105
105	88
88	105
106	51
51	106
106	52
52	106
106	47
47	106
106	54
54	106
106	53
53	106
106	55
55	106
106	59
59	106
106	90
90	106
106	61
61	106
106	45
45	106
106	96
96	106
106	62
62	106
106	104
104	106
106	93
93	106
106	63
63	106
106	98
98	106
106	99
99	106
106	103
103	106
106	102
102	106
106	64
64	106
106	66
66	106
106	67
67	106
106	105
105	106
106	46
46	106
106	68
68	106
106	69
69	106
106	70
70	106
106	71
71	106
106	92
92	106
106	72
72	106
106	101
101	106
106	73
73	106
106	74
74	106
106	94
94	106
106	75
75	106
106	100
100	106
106	76
76	106
106	77
77	106
106	79
79	106
106	80
80	106
106	81
81	106
106	44
44	106
106	88
88	106
106	87
87	106
106	86
86	106
106	48
48	106
106	85
85	106
106	49
49	106
106	84
84	106
106	83
83	106
106	95
95	106
107	85
85	107
107	59
59	107
107	90
90	107
107	104
104	107
107	93
93	107
107	67
67	107
107	66
66	107
107	106
106	107
107	105
105	107
107	46
46	107
107	68
68	107
107	72
72	107
107	101
101	107
107	73
73	107
107	74
74	107
107	91
91	107
107	81
81	107
107	79
79	107
107	94
94	107
108	51
51	108
108	52
52	108
108	47
47	108
108	54
54	108
108	53
53	108
108	55
55	108
108	59
59	108
108	61
61	108
108	45
45	108
108	96
96	108
108	93
93	108
108	98
98	108
108	99
99	108
108	103
103	108
108	102
102	108
108	66
66	108
108	50
50	108
108	76
76	108
108	77
77	108
108	79
79	108
108	94
94	108
108	86
86	108
108	87
87	108
108	88
88	108
108	48
48	108
108	85
85	108
109	54
54	109
109	55
55	109
109	53
53	109
109	90
90	109
109	61
61	109
109	45
45	109
109	97
97	109
109	63
63	109
109	98
98	109
109	99
99	109
109	64
64	109
109	69
69	109
109	70
70	109
109	73
73	109
109	75
75	109
109	79
79	109
109	81
81	109
109	91
91	109
109	95
95	109
109	86
86	109
109	87
87	109
109	88
88	109
109	48
48	109
109	85
85	109
110	51
51	110
110	52
52	110
110	47
47	110
110	54
54	110
110	53
53	110
110	55
55	110
110	59
59	110
110	90
90	110
110	61
61	110
110	45
45	110
110	96
96	110
110	62
62	110
110	104
104	110
110	93
93	110
110	98
98	110
110	63
63	110
110	99
99	110
110	108
108	110
110	103
103	110
110	102
102	110
110	64
64	110
110	66
66	110
110	67
67	110
110	106
106	110
110	105
105	110
110	46
46	110
110	68
68	110
110	109
109	110
110	69
69	110
110	70
70	110
110	92
92	110
110	71
71	110
110	72
72	110
110	101
101	110
110	73
73	110
110	74
74	110
110	75
75	110
110	94
94	110
110	50
50	110
110	76
76	110
110	77
77	110
110	78
78	110
110	79
79	110
110	80
80	110
110	81
81	110
110	44
44	110
110	88
88	110
110	87
87	110
110	86
86	110
110	48
48	110
110	85
85	110
110	49
49	110
110	84
84	110
110	83
83	110
110	95
95	110
110	91
91	110
111	51
51	111
111	52
52	111
111	47
47	111
111	54
54	111
111	53
53	111
111	55
55	111
111	60
60	111
111	61
61	111
111	90
90	111
111	62
62	111
111	63
63	111
111	98
98	111
111	86
86	111
111	87
87	111
111	48
48	111
111	85
85	111
111	91
91	111
111	95
95	111
111	81
81	111
111	79
79	111
112	87
87	112
112	88
88	112
112	86
86	112
112	48
48	112
112	84
84	112
112	99
99	112
112	98
98	112
112	78
78	112
112	79
79	112
112	81
81	112
112	94
94	112
112	90
90	112
112	104
104	112
112	63
63	112
112	93
93	112
112	108
108	112
112	103
103	112
112	46
46	112
112	106
106	112
112	68
68	112
113	86
86	113
113	48
48	113
113	87
87	113
113	111
111	113
113	62
62	113
113	60
60	113
114	86
86	114
114	48
48	114
114	87
87	114
114	75
75	114
114	113
113	114
114	111
111	114
114	54
54	114
114	47
47	114
114	109
109	114
114	69
69	114
114	70
70	114
115	51
51	115
115	110
110	115
115	52
52	115
115	114
114	115
115	47
47	115
115	54
54	115
115	53
53	115
115	55
55	115
115	56
56	115
115	59
59	115
115	111
111	115
115	90
90	115
115	60
60	115
115	61
61	115
115	45
45	115
115	97
97	115
115	96
96	115
115	62
62	115
115	93
93	115
115	63
63	115
115	112
112	115
115	98
98	115
115	99
99	115
115	108
108	115
115	103
103	115
115	64
64	115
115	66
66	115
115	67
67	115
115	106
106	115
115	105
105	115
115	46
46	115
115	68
68	115
115	109
109	115
115	69
69	115
115	70
70	115
115	92
92	115
115	113
113	115
115	71
71	115
115	72
72	115
115	101
101	115
115	73
73	115
115	74
74	115
115	94
94	115
115	75
75	115
115	107
107	115
115	76
76	115
115	50
50	115
115	77
77	115
115	78
78	115
115	79
79	115
115	80
80	115
115	81
81	115
115	44
44	115
115	91
91	115
115	95
95	115
115	49
49	115
115	85
85	115
115	48
48	115
115	86
86	115
115	87
87	115
115	88
88	115
115	84
84	115
115	83
83	115
116	51
51	116
116	110
110	116
116	52
52	116
116	114
114	116
116	47
47	116
116	54
54	116
116	53
53	116
116	55
55	116
116	56
56	116
116	57
57	116
116	58
58	116
116	59
59	116
116	111
111	116
116	90
90	116
116	60
60	116
116	61
61	116
116	45
45	116
116	97
97	116
116	96
96	116
116	62
62	116
116	104
104	116
116	93
93	116
116	112
112	116
116	98
98	116
116	99
99	116
116	108
108	116
116	63
63	116
116	103
103	116
116	102
102	116
116	64
64	116
116	115
115	116
116	65
65	116
116	66
66	116
116	67
67	116
116	106
106	116
116	105
105	116
116	46
46	116
116	68
68	116
116	109
109	116
116	69
69	116
116	70
70	116
116	92
92	116
116	113
113	116
116	71
71	116
116	72
72	116
116	101
101	116
116	73
73	116
116	74
74	116
116	94
94	116
116	75
75	116
116	107
107	116
116	100
100	116
116	50
50	116
116	76
76	116
116	77
77	116
116	78
78	116
116	79
79	116
116	80
80	116
116	81
81	116
116	44
44	116
116	83
83	116
116	82
82	116
116	91
91	116
116	95
95	116
116	84
84	116
116	49
49	116
116	85
85	116
116	48
48	116
116	86
86	116
116	87
87	116
116	88
88	116
116	89
89	116
117	51
51	117
117	110
110	117
117	52
52	117
117	114
114	117
117	47
47	117
117	54
54	117
117	53
53	117
117	55
55	117
117	59
59	117
117	111
111	117
117	90
90	117
117	61
61	117
117	45
45	117
117	93
93	117
117	63
63	117
117	112
112	117
117	98
98	117
117	99
99	117
117	103
103	117
117	102
102	117
117	64
64	117
117	115
115	117
117	116
116	117
117	66
66	117
117	67
67	117
117	106
106	117
117	105
105	117
117	46
46	117
117	68
68	117
117	109
109	117
117	69
69	117
117	70
70	117
117	113
113	117
117	71
71	117
117	72
72	117
117	101
101	117
117	73
73	117
117	74
74	117
117	75
75	117
117	50
50	117
117	76
76	117
117	77
77	117
117	79
79	117
117	80
80	117
117	84
84	117
117	95
95	117
117	83
83	117
117	91
91	117
117	49
49	117
118	51
51	118
118	110
110	118
118	52
52	118
118	114
114	118
118	47
47	118
118	54
54	118
118	53
53	118
118	55
55	118
118	59
59	118
118	90
90	118
118	117
117	118
118	61
61	118
118	45
45	118
118	98
98	118
118	99
99	118
118	103
103	118
118	102
102	118
118	64
64	118
118	115
115	118
118	116
116	118
118	66
66	118
118	67
67	118
118	106
106	118
118	105
105	118
118	46
46	118
118	68
68	118
118	109
109	118
118	69
69	118
118	70
70	118
118	113
113	118
118	71
71	118
118	72
72	118
118	101
101	118
118	73
73	118
118	74
74	118
118	75
75	118
118	79
79	118
118	76
76	118
118	77
77	118
118	80
80	118
118	44
44	118
118	81
81	118
118	91
91	118
118	83
83	118
118	84
84	118
118	95
95	118
119	51
51	119
119	110
110	119
119	52
52	119
119	114
114	119
119	47
47	119
119	54
54	119
119	53
53	119
119	55
55	119
119	59
59	119
119	111
111	119
119	90
90	119
119	117
117	119
119	60
60	119
119	45
45	119
119	97
97	119
119	96
96	119
119	62
62	119
119	104
104	119
119	89
89	119
119	88
88	119
119	86
86	119
119	87
87	119
119	48
48	119
119	85
85	119
119	49
49	119
119	84
84	119
119	83
83	119
119	91
91	119
119	95
95	119
119	81
81	119
119	79
79	119
119	77
77	119
119	76
76	119
119	50
50	119
119	75
75	119
119	94
94	119
119	74
74	119
119	72
72	119
119	73
73	119
119	71
71	119
119	113
113	119
119	70
70	119
119	69
69	119
119	109
109	119
119	68
68	119
119	46
46	119
119	118
118	119
119	105
105	119
119	106
106	119
119	67
67	119
119	64
64	119
119	115
115	119
119	65
65	119
119	116
116	119
119	66
66	119
119	102
102	119
119	103
103	119
119	99
99	119
119	98
98	119
119	112
112	119
119	63
63	119
119	93
93	119
119	61
61	119
120	51
51	120
120	110
110	120
120	52
52	120
120	47
47	120
120	55
55	120
120	59
59	120
120	90
90	120
120	117
117	120
120	45
45	120
120	96
96	120
120	104
104	120
120	93
93	120
120	112
112	120
120	63
63	120
120	98
98	120
120	99
99	120
120	103
103	120
120	102
102	120
120	64
64	120
120	115
115	120
120	116
116	120
120	66
66	120
120	67
67	120
120	106
106	120
120	118
118	120
120	105
105	120
120	46
46	120
120	68
68	120
120	109
109	120
120	69
69	120
120	70
70	120
120	87
87	120
120	86
86	120
120	49
49	120
120	84
84	120
120	83
83	120
120	95
95	120
120	91
91	120
120	80
80	120
120	81
81	120
120	44
44	120
120	85
85	120
120	79
79	120
120	75
75	120
120	94
94	120
120	74
74	120
120	73
73	120
120	101
101	120
120	71
71	120
120	72
72	120
121	60
60	121
121	111
111	121
121	88
88	121
121	48
48	121
121	54
54	121
121	116
116	121
121	62
62	121
121	113
113	121
121	87
87	121
121	119
119	121
121	86
86	121
122	51
51	122
122	110
110	122
122	52
52	122
122	47
47	122
122	59
59	122
122	90
90	122
122	117
117	122
122	61
61	122
122	45
45	122
122	96
96	122
122	104
104	122
122	93
93	122
122	85
85	122
122	95
95	122
122	84
84	122
122	83
83	122
122	49
49	122
122	80
80	122
122	79
79	122
122	78
78	122
122	77
77	122
122	76
76	122
122	50
50	122
122	120
120	122
122	75
75	122
122	94
94	122
122	74
74	122
122	73
73	122
122	101
101	122
122	72
72	122
122	71
71	122
122	70
70	122
122	69
69	122
122	109
109	122
122	46
46	122
122	118
118	122
122	68
68	122
122	67
67	122
122	106
106	122
122	105
105	122
122	102
102	122
122	103
103	122
122	64
64	122
122	115
115	122
122	116
116	122
122	66
66	122
122	108
108	122
122	81
81	122
123	110
110	123
123	52
52	123
123	53
53	123
123	55
55	123
123	59
59	123
123	90
90	123
123	45
45	123
123	96
96	123
123	104
104	123
123	93
93	123
123	63
63	123
123	64
64	123
123	116
116	123
123	66
66	123
123	67
67	123
123	106
106	123
123	105
105	123
123	118
118	123
123	46
46	123
123	68
68	123
123	71
71	123
123	72
72	123
123	73
73	123
123	74
74	123
123	94
94	123
123	75
75	123
123	122
122	123
123	120
120	123
123	50
50	123
123	76
76	123
123	77
77	123
123	79
79	123
123	80
80	123
123	81
81	123
123	44
44	123
123	78
78	123
123	91
91	123
123	83
83	123
123	84
84	123
123	85
85	123
\.


--
-- Data for Name: ingredients; Type: TABLE DATA; Schema: public; Owner: Guest
--

COPY ingredients (id, name, created_at, updated_at) FROM stdin;
111	Cinnamon	2016-02-05 04:23:03.887712	2016-02-05 04:23:03.887712
112	Ginger	2016-02-05 04:23:51.871293	2016-02-05 04:23:51.871293
113	Nutmeg	2016-02-05 04:24:55.478045	2016-02-05 04:24:55.478045
114	Apple Cider	2016-02-05 04:25:32.65585	2016-02-05 04:25:32.65585
115	Honey	2016-02-05 04:26:43.231796	2016-02-05 04:26:43.231796
116	Hot Water	2016-02-05 04:28:11.166729	2016-02-05 04:28:11.166729
117	Cocchi Americano	2016-02-05 04:29:48.119962	2016-02-05 04:29:48.119962
44	Tequila	2016-02-04 17:08:40.07531	2016-02-04 17:08:40.07531
45	Cointreau	2016-02-04 17:10:45.778967	2016-02-04 17:10:45.778967
46	Lime Juice	2016-02-04 17:25:17.338668	2016-02-04 17:25:17.338668
47	Applejack	2016-02-04 22:37:12.421083	2016-02-04 22:37:12.421083
48	Whiskey	2016-02-04 22:40:14.806434	2016-02-04 22:40:14.806434
49	Vodka	2016-02-04 22:40:39.822479	2016-02-04 22:40:39.822479
50	Rum	2016-02-04 22:42:26.810195	2016-02-04 22:42:26.810195
51	Absinthe	2016-02-05 03:01:05.061575	2016-02-05 03:01:05.061575
52	Agnostura	2016-02-05 03:02:52.807214	2016-02-05 03:02:52.807214
53	Bénédictine	2016-02-05 03:04:45.680016	2016-02-05 03:04:45.680016
54	Brandy	2016-02-05 03:05:26.118568	2016-02-05 03:05:26.118568
55	Campari	2016-02-05 03:06:13.678583	2016-02-05 03:06:13.678583
56	Cayenne Pepper	2016-02-05 03:06:48.770134	2016-02-05 03:06:48.770134
57	Celery	2016-02-05 03:08:32.610998	2016-02-05 03:08:32.610998
58	Celery Salt	2016-02-05 03:14:30.951703	2016-02-05 03:14:30.951703
59	Chartreuse	2016-02-05 03:15:12.071383	2016-02-05 03:15:12.071383
60	Coffee	2016-02-05 03:16:19.006812	2016-02-05 03:16:19.006812
61	Cognac	2016-02-05 03:17:30.254334	2016-02-05 03:17:30.254334
62	Cream	2016-02-05 03:19:29.090176	2016-02-05 03:19:29.090176
63	Gin	2016-02-05 03:20:15.990311	2016-02-05 03:20:15.990311
64	Grenadine	2016-02-05 03:21:50.270118	2016-02-05 03:21:50.270118
65	Hot Sauce	2016-02-05 03:23:00.466731	2016-02-05 03:23:00.466731
66	Lemon Juice	2016-02-05 03:26:46.830349	2016-02-05 03:26:46.830349
67	Lemon Wedge Or Twist	2016-02-05 03:28:29.37036	2016-02-05 03:28:29.37036
68	Lime Wedge Or Twist	2016-02-05 03:30:07.926769	2016-02-05 03:30:07.926769
69	Maraschino Cherry	2016-02-05 03:31:24.914482	2016-02-05 03:31:24.914482
70	Maraschino Liqueur	2016-02-05 03:32:28.543762	2016-02-05 03:32:28.543762
71	Orange Bitters	2016-02-05 03:33:36.367354	2016-02-05 03:33:36.367354
72	Orange Flower Water	2016-02-05 03:35:22.751366	2016-02-05 03:35:22.751366
73	Orange Liqueur	2016-02-05 03:36:01.94208	2016-02-05 03:36:01.94208
74	Orange Wedge Or Twist	2016-02-05 03:37:06.070384	2016-02-05 03:37:06.070384
75	Peychaud's Bitters	2016-02-05 03:37:54.67277	2016-02-05 03:37:54.67277
76	Rum (dark)	2016-02-05 03:38:30.982829	2016-02-05 03:38:30.982829
77	Rum (light)	2016-02-05 03:39:44.654456	2016-02-05 03:39:44.654456
78	Salt	2016-02-05 03:40:07.710779	2016-02-05 03:40:07.710779
79	Simple Syrup	2016-02-05 03:41:28.207441	2016-02-05 03:41:28.207441
80	Sparkling Wine	2016-02-05 03:45:57.111385	2016-02-05 03:45:57.111385
81	Sugar	2016-02-05 03:47:14.142145	2016-02-05 03:47:14.142145
82	Tomato Juice	2016-02-05 03:49:36.742005	2016-02-05 03:49:36.742005
83	Vermouth (dry)	2016-02-05 03:50:49.495455	2016-02-05 03:50:49.495455
84	Vermouth (sweet)	2016-02-05 03:52:32.374487	2016-02-05 03:52:32.374487
85	Water	2016-02-05 03:53:39.31164	2016-02-05 03:53:39.31164
86	Whiskey (bourbon)	2016-02-05 03:54:31.55879	2016-02-05 03:54:31.55879
87	Whiskey (irish)	2016-02-05 03:56:50.046729	2016-02-05 03:56:50.046729
88	Whiskey (rye)	2016-02-05 03:57:50.382092	2016-02-05 03:57:50.382092
89	Worcestershire Sauce	2016-02-05 03:59:16.278358	2016-02-05 03:59:16.278358
90	Club Soda	2016-02-05 04:00:11.359509	2016-02-05 04:00:11.359509
91	Tonic Water	2016-02-05 04:01:00.086799	2016-02-05 04:01:00.086799
92	Mint	2016-02-05 04:01:32.656121	2016-02-05 04:01:32.656121
93	Curacao	2016-02-05 04:02:32.479558	2016-02-05 04:02:32.479558
94	Orgeat	2016-02-05 04:03:36.294568	2016-02-05 04:03:36.294568
95	Vanilla Extract	2016-02-05 04:04:52.975927	2016-02-05 04:04:52.975927
96	Cranberry Juice	2016-02-05 04:06:39.367572	2016-02-05 04:06:39.367572
97	Coke	2016-02-05 04:07:40.647125	2016-02-05 04:07:40.647125
98	Ginger Ale	2016-02-05 04:08:30.256037	2016-02-05 04:08:30.256037
99	Ginger Beer	2016-02-05 04:09:41.039654	2016-02-05 04:09:41.039654
100	Pisco	2016-02-05 04:10:38.822836	2016-02-05 04:10:38.822836
101	Orange Juice	2016-02-05 04:11:38.823423	2016-02-05 04:11:38.823423
102	Grapefruit Juice	2016-02-05 04:12:53.855118	2016-02-05 04:12:53.855118
103	Grapefruit Bitters	2016-02-05 04:14:08.008109	2016-02-05 04:14:08.008109
104	Cucumber Slices	2016-02-05 04:15:14.863766	2016-02-05 04:15:14.863766
105	Lemonade	2016-02-05 04:16:30.871286	2016-02-05 04:16:30.871286
106	Lemon-lime Soda	2016-02-05 04:17:42.68004	2016-02-05 04:17:42.68004
107	Pimms	2016-02-05 04:18:51.734809	2016-02-05 04:18:51.734809
108	Grape Juice	2016-02-05 04:20:11.199953	2016-02-05 04:20:11.199953
109	Maple Syrup	2016-02-05 04:20:54.05612	2016-02-05 04:20:54.05612
110	Agave Nectar	2016-02-05 04:21:58.022783	2016-02-05 04:21:58.022783
118	Lillet Blanc	2016-02-05 04:31:18.373673	2016-02-05 04:31:18.373673
119	Whisky (scotch)	2016-02-05 04:32:19.374771	2016-02-05 04:32:19.374771
120	Pomegranate Juice	2016-02-05 04:33:57.838117	2016-02-05 04:33:57.838117
121	Coffee Liqueur	2016-02-05 04:35:16.414453	2016-02-05 04:35:16.414453
122	Pineapple Juice	2016-02-05 04:36:58.287658	2016-02-05 04:36:58.287658
123	Coconut Milk	2016-02-05 04:38:22.279761	2016-02-05 04:38:22.279761
\.


--
-- Name: ingredients_id_seq; Type: SEQUENCE SET; Schema: public; Owner: Guest
--

SELECT pg_catalog.setval('ingredients_id_seq', 123, true);


--
-- Data for Name: match_strengths; Type: TABLE DATA; Schema: public; Owner: Guest
--

COPY match_strengths (id, strength, ingredient_id, theme_id, created_at, updated_at) FROM stdin;
1	\N	33	2	2016-02-03 00:33:11.529465	2016-02-03 00:33:11.529465
2	10	39	2	2016-02-03 00:39:45.112123	2016-02-03 00:39:45.112123
3	10	39	2	2016-02-03 00:45:52.42059	2016-02-03 00:45:52.42059
4	20	39	3	2016-02-03 00:45:53.612323	2016-02-03 00:45:53.612323
5	30	39	4	2016-02-03 00:45:54.625502	2016-02-03 00:45:54.625502
6	40	39	5	2016-02-03 00:45:57.168419	2016-02-03 00:45:57.168419
7	50	39	6	2016-02-03 00:45:58.348362	2016-02-03 00:45:58.348362
8	60	39	7	2016-02-03 00:45:59.62429	2016-02-03 00:45:59.62429
9	44	39	2	2016-02-03 16:27:31.120035	2016-02-03 16:27:31.120035
10	66	39	3	2016-02-03 16:27:31.131801	2016-02-03 16:27:31.131801
11	33	39	4	2016-02-03 16:27:31.133713	2016-02-03 16:27:31.133713
12	77	39	5	2016-02-03 16:27:31.135414	2016-02-03 16:27:31.135414
13	89	39	6	2016-02-03 16:27:31.137119	2016-02-03 16:27:31.137119
14	6	39	7	2016-02-03 16:27:31.138632	2016-02-03 16:27:31.138632
15	100	11	2	2016-02-03 16:29:54.029197	2016-02-03 16:29:54.029197
16	44	11	3	2016-02-03 16:29:54.03109	2016-02-03 16:29:54.03109
17	78	11	4	2016-02-03 16:29:54.032862	2016-02-03 16:29:54.032862
18	2	11	5	2016-02-03 16:29:54.03462	2016-02-03 16:29:54.03462
19	4	11	6	2016-02-03 16:29:54.035997	2016-02-03 16:29:54.035997
20	500	11	7	2016-02-03 16:29:54.037317	2016-02-03 16:29:54.037317
21	50	9	2	2016-02-03 16:31:34.343913	2016-02-03 16:31:34.343913
22	\N	9	3	2016-02-03 16:31:34.345454	2016-02-03 16:31:34.345454
23	55	9	4	2016-02-03 16:31:34.346729	2016-02-03 16:31:34.346729
24	6	9	5	2016-02-03 16:31:34.348031	2016-02-03 16:31:34.348031
25	77	9	6	2016-02-03 16:31:34.349983	2016-02-03 16:31:34.349983
26	0	9	7	2016-02-03 16:31:34.351758	2016-02-03 16:31:34.351758
27	75	5	2	2016-02-03 18:03:33.130357	2016-02-03 18:03:33.130357
28	35	5	3	2016-02-03 18:03:33.155604	2016-02-03 18:03:33.155604
29	65	5	4	2016-02-03 18:03:33.15751	2016-02-03 18:03:33.15751
30	40	5	5	2016-02-03 18:03:33.159027	2016-02-03 18:03:33.159027
31	50	5	6	2016-02-03 18:03:33.161453	2016-02-03 18:03:33.161453
32	65	5	7	2016-02-03 18:03:33.16292	2016-02-03 18:03:33.16292
33	50	39	2	2016-02-03 23:17:07.065175	2016-02-03 23:17:07.065175
34	50	39	3	2016-02-03 23:17:07.09399	2016-02-03 23:17:07.09399
35	0	39	4	2016-02-03 23:17:07.09609	2016-02-03 23:17:07.09609
36	0	39	5	2016-02-03 23:17:07.098198	2016-02-03 23:17:07.098198
37	0	39	6	2016-02-03 23:17:07.099852	2016-02-03 23:17:07.099852
38	0	39	7	2016-02-03 23:17:07.101383	2016-02-03 23:17:07.101383
39	30	5	2	2016-02-03 23:17:09.947769	2016-02-03 23:17:09.947769
40	30	5	3	2016-02-03 23:17:09.950557	2016-02-03 23:17:09.950557
41	30	5	4	2016-02-03 23:17:09.952101	2016-02-03 23:17:09.952101
42	10	5	5	2016-02-03 23:17:09.95352	2016-02-03 23:17:09.95352
43	0	5	6	2016-02-03 23:17:09.954944	2016-02-03 23:17:09.954944
44	0	5	7	2016-02-03 23:17:09.956237	2016-02-03 23:17:09.956237
45	20	41	2	2016-02-03 23:48:03.872471	2016-02-03 23:48:03.872471
46	30	41	3	2016-02-03 23:48:03.874613	2016-02-03 23:48:03.874613
47	10	41	4	2016-02-03 23:48:03.877889	2016-02-03 23:48:03.877889
48	30	41	5	2016-02-03 23:48:03.87939	2016-02-03 23:48:03.87939
49	10	41	6	2016-02-03 23:48:03.880647	2016-02-03 23:48:03.880647
50	0	41	7	2016-02-03 23:48:03.882092	2016-02-03 23:48:03.882092
51	20	45	2	2016-02-04 17:24:56.601984	2016-02-04 17:24:56.601984
52	10	45	3	2016-02-04 17:24:56.625972	2016-02-04 17:24:56.625972
53	20	45	4	2016-02-04 17:24:56.627791	2016-02-04 17:24:56.627791
54	30	45	5	2016-02-04 17:24:56.629268	2016-02-04 17:24:56.629268
55	20	45	6	2016-02-04 17:24:56.630597	2016-02-04 17:24:56.630597
56	0	45	7	2016-02-04 17:24:56.631967	2016-02-04 17:24:56.631967
57	0	46	2	2016-02-04 17:25:57.79198	2016-02-04 17:25:57.79198
58	0	46	3	2016-02-04 17:25:57.793586	2016-02-04 17:25:57.793586
59	0	46	4	2016-02-04 17:25:57.79513	2016-02-04 17:25:57.79513
60	50	46	5	2016-02-04 17:25:57.79647	2016-02-04 17:25:57.79647
61	50	46	6	2016-02-04 17:25:57.797757	2016-02-04 17:25:57.797757
62	0	46	7	2016-02-04 17:25:57.798946	2016-02-04 17:25:57.798946
63	0	44	2	2016-02-04 17:52:47.911855	2016-02-04 17:52:47.911855
64	0	44	3	2016-02-04 17:52:47.913862	2016-02-04 17:52:47.913862
65	0	44	4	2016-02-04 17:52:47.915603	2016-02-04 17:52:47.915603
66	50	44	5	2016-02-04 17:52:47.917119	2016-02-04 17:52:47.917119
67	50	44	6	2016-02-04 17:52:47.918449	2016-02-04 17:52:47.918449
68	0	44	7	2016-02-04 17:52:47.919953	2016-02-04 17:52:47.919953
69	10	47	2	2016-02-04 22:38:08.393821	2016-02-04 22:38:08.393821
70	0	47	3	2016-02-04 22:38:08.395561	2016-02-04 22:38:08.395561
71	80	47	4	2016-02-04 22:38:08.398953	2016-02-04 22:38:08.398953
72	0	47	5	2016-02-04 22:38:08.400701	2016-02-04 22:38:08.400701
73	0	47	6	2016-02-04 22:38:08.402508	2016-02-04 22:38:08.402508
74	10	47	7	2016-02-04 22:38:08.404248	2016-02-04 22:38:08.404248
75	0	48	2	2016-02-04 22:40:31.767626	2016-02-04 22:40:31.767626
76	20	48	3	2016-02-04 22:40:31.769185	2016-02-04 22:40:31.769185
77	50	48	4	2016-02-04 22:40:31.770453	2016-02-04 22:40:31.770453
78	0	48	5	2016-02-04 22:40:31.771818	2016-02-04 22:40:31.771818
79	0	48	6	2016-02-04 22:40:31.773291	2016-02-04 22:40:31.773291
80	30	48	7	2016-02-04 22:40:31.774638	2016-02-04 22:40:31.774638
81	20	49	2	2016-02-04 22:41:14.544456	2016-02-04 22:41:14.544456
82	30	49	3	2016-02-04 22:41:14.546149	2016-02-04 22:41:14.546149
83	0	49	4	2016-02-04 22:41:14.547549	2016-02-04 22:41:14.547549
84	0	49	5	2016-02-04 22:41:14.548836	2016-02-04 22:41:14.548836
85	0	49	6	2016-02-04 22:41:14.55016	2016-02-04 22:41:14.55016
86	50	49	7	2016-02-04 22:41:14.551411	2016-02-04 22:41:14.551411
87	0	50	2	2016-02-04 22:42:50.46452	2016-02-04 22:42:50.46452
88	10	50	3	2016-02-04 22:42:50.466119	2016-02-04 22:42:50.466119
89	10	50	4	2016-02-04 22:42:50.467464	2016-02-04 22:42:50.467464
90	0	50	5	2016-02-04 22:42:50.468654	2016-02-04 22:42:50.468654
91	70	50	6	2016-02-04 22:42:50.469925	2016-02-04 22:42:50.469925
92	10	50	7	2016-02-04 22:42:50.471046	2016-02-04 22:42:50.471046
93	0	51	2	2016-02-05 03:02:33.992476	2016-02-05 03:02:33.992476
94	100	51	3	2016-02-05 03:02:33.994531	2016-02-05 03:02:33.994531
95	0	51	4	2016-02-05 03:02:33.995811	2016-02-05 03:02:33.995811
96	0	51	5	2016-02-05 03:02:33.997095	2016-02-05 03:02:33.997095
97	0	51	6	2016-02-05 03:02:33.998392	2016-02-05 03:02:33.998392
98	0	51	7	2016-02-05 03:02:33.999677	2016-02-05 03:02:33.999677
99	0	52	2	2016-02-05 03:04:26.999894	2016-02-05 03:04:26.999894
100	100	52	3	2016-02-05 03:04:27.001461	2016-02-05 03:04:27.001461
101	0	52	4	2016-02-05 03:04:27.002715	2016-02-05 03:04:27.002715
102	0	52	5	2016-02-05 03:04:27.003956	2016-02-05 03:04:27.003956
103	0	52	6	2016-02-05 03:04:27.005185	2016-02-05 03:04:27.005185
104	0	52	7	2016-02-05 03:04:27.006571	2016-02-05 03:04:27.006571
105	0	54	2	2016-02-05 03:06:01.967968	2016-02-05 03:06:01.967968
106	100	54	3	2016-02-05 03:06:01.969884	2016-02-05 03:06:01.969884
107	0	54	4	2016-02-05 03:06:01.971253	2016-02-05 03:06:01.971253
108	0	54	5	2016-02-05 03:06:01.972529	2016-02-05 03:06:01.972529
109	0	54	6	2016-02-05 03:06:01.973787	2016-02-05 03:06:01.973787
110	0	54	7	2016-02-05 03:06:01.975063	2016-02-05 03:06:01.975063
111	0	55	2	2016-02-05 03:06:39.527541	2016-02-05 03:06:39.527541
112	100	55	3	2016-02-05 03:06:39.529028	2016-02-05 03:06:39.529028
113	0	55	4	2016-02-05 03:06:39.530282	2016-02-05 03:06:39.530282
114	0	55	5	2016-02-05 03:06:39.531491	2016-02-05 03:06:39.531491
115	0	55	6	2016-02-05 03:06:39.532695	2016-02-05 03:06:39.532695
116	0	55	7	2016-02-05 03:06:39.533903	2016-02-05 03:06:39.533903
117	40	56	2	2016-02-05 03:08:26.560494	2016-02-05 03:08:26.560494
118	0	56	3	2016-02-05 03:08:26.56207	2016-02-05 03:08:26.56207
119	0	56	4	2016-02-05 03:08:26.563341	2016-02-05 03:08:26.563341
120	40	56	5	2016-02-05 03:08:26.564637	2016-02-05 03:08:26.564637
121	0	56	6	2016-02-05 03:08:26.565944	2016-02-05 03:08:26.565944
122	20	56	7	2016-02-05 03:08:26.567201	2016-02-05 03:08:26.567201
123	100	57	2	2016-02-05 03:09:16.32907	2016-02-05 03:09:16.32907
124	0	57	3	2016-02-05 03:09:16.33056	2016-02-05 03:09:16.33056
125	0	57	4	2016-02-05 03:09:16.331839	2016-02-05 03:09:16.331839
126	0	57	5	2016-02-05 03:09:16.333094	2016-02-05 03:09:16.333094
127	0	57	6	2016-02-05 03:09:16.33434	2016-02-05 03:09:16.33434
128	0	57	7	2016-02-05 03:09:16.335681	2016-02-05 03:09:16.335681
129	100	58	2	2016-02-05 03:15:01.279615	2016-02-05 03:15:01.279615
130	0	58	3	2016-02-05 03:15:01.281308	2016-02-05 03:15:01.281308
131	0	58	4	2016-02-05 03:15:01.283191	2016-02-05 03:15:01.283191
132	0	58	5	2016-02-05 03:15:01.284724	2016-02-05 03:15:01.284724
133	0	58	6	2016-02-05 03:15:01.285993	2016-02-05 03:15:01.285993
134	0	58	7	2016-02-05 03:15:01.287286	2016-02-05 03:15:01.287286
135	0	59	2	2016-02-05 03:16:10.497151	2016-02-05 03:16:10.497151
136	100	59	3	2016-02-05 03:16:10.49881	2016-02-05 03:16:10.49881
137	0	59	4	2016-02-05 03:16:10.500357	2016-02-05 03:16:10.500357
138	0	59	5	2016-02-05 03:16:10.502132	2016-02-05 03:16:10.502132
139	0	59	6	2016-02-05 03:16:10.50343	2016-02-05 03:16:10.50343
140	0	59	7	2016-02-05 03:16:10.504631	2016-02-05 03:16:10.504631
141	30	60	2	2016-02-05 03:17:15.936492	2016-02-05 03:17:15.936492
142	20	60	3	2016-02-05 03:17:15.937941	2016-02-05 03:17:15.937941
143	20	60	4	2016-02-05 03:17:15.940848	2016-02-05 03:17:15.940848
144	0	60	5	2016-02-05 03:17:15.942182	2016-02-05 03:17:15.942182
145	0	60	6	2016-02-05 03:17:15.943707	2016-02-05 03:17:15.943707
146	30	60	7	2016-02-05 03:17:15.945496	2016-02-05 03:17:15.945496
147	0	61	2	2016-02-05 03:19:21.615692	2016-02-05 03:19:21.615692
148	80	61	3	2016-02-05 03:19:21.617309	2016-02-05 03:19:21.617309
149	0	61	4	2016-02-05 03:19:21.618908	2016-02-05 03:19:21.618908
150	0	61	5	2016-02-05 03:19:21.620358	2016-02-05 03:19:21.620358
151	0	61	6	2016-02-05 03:19:21.621671	2016-02-05 03:19:21.621671
152	20	61	7	2016-02-05 03:19:21.622895	2016-02-05 03:19:21.622895
153	40	62	2	2016-02-05 03:20:10.368009	2016-02-05 03:20:10.368009
154	20	62	3	2016-02-05 03:20:10.369667	2016-02-05 03:20:10.369667
155	20	62	4	2016-02-05 03:20:10.371159	2016-02-05 03:20:10.371159
156	0	62	5	2016-02-05 03:20:10.372406	2016-02-05 03:20:10.372406
157	0	62	6	2016-02-05 03:20:10.373557	2016-02-05 03:20:10.373557
158	20	62	7	2016-02-05 03:20:10.374786	2016-02-05 03:20:10.374786
159	20	63	2	2016-02-05 03:21:23.9601	2016-02-05 03:21:23.9601
160	30	63	3	2016-02-05 03:21:23.961898	2016-02-05 03:21:23.961898
161	30	63	4	2016-02-05 03:21:23.963244	2016-02-05 03:21:23.963244
162	0	63	5	2016-02-05 03:21:23.964511	2016-02-05 03:21:23.964511
163	0	63	6	2016-02-05 03:21:23.965892	2016-02-05 03:21:23.965892
164	20	63	7	2016-02-05 03:21:23.967094	2016-02-05 03:21:23.967094
165	20	64	2	2016-02-05 03:22:53.735565	2016-02-05 03:22:53.735565
166	20	64	3	2016-02-05 03:22:53.783087	2016-02-05 03:22:53.783087
167	0	64	4	2016-02-05 03:22:53.784878	2016-02-05 03:22:53.784878
168	0	64	5	2016-02-05 03:22:53.786347	2016-02-05 03:22:53.786347
169	60	64	6	2016-02-05 03:22:53.78761	2016-02-05 03:22:53.78761
170	0	64	7	2016-02-05 03:22:53.788908	2016-02-05 03:22:53.788908
171	60	65	2	2016-02-05 03:26:36.944351	2016-02-05 03:26:36.944351
172	0	65	3	2016-02-05 03:26:36.946462	2016-02-05 03:26:36.946462
173	0	65	4	2016-02-05 03:26:36.948431	2016-02-05 03:26:36.948431
174	40	65	5	2016-02-05 03:26:36.949977	2016-02-05 03:26:36.949977
175	0	65	6	2016-02-05 03:26:36.95124	2016-02-05 03:26:36.95124
176	0	65	7	2016-02-05 03:26:36.952459	2016-02-05 03:26:36.952459
177	20	66	2	2016-02-05 03:28:16.215546	2016-02-05 03:28:16.215546
178	10	66	3	2016-02-05 03:28:16.217363	2016-02-05 03:28:16.217363
179	20	66	4	2016-02-05 03:28:16.218764	2016-02-05 03:28:16.218764
180	20	66	5	2016-02-05 03:28:16.219967	2016-02-05 03:28:16.219967
181	30	66	6	2016-02-05 03:28:16.221189	2016-02-05 03:28:16.221189
182	0	66	7	2016-02-05 03:28:16.222386	2016-02-05 03:28:16.222386
183	10	67	2	2016-02-05 03:29:39.568808	2016-02-05 03:29:39.568808
184	20	67	3	2016-02-05 03:29:39.570679	2016-02-05 03:29:39.570679
185	20	67	4	2016-02-05 03:29:39.57206	2016-02-05 03:29:39.57206
186	20	67	5	2016-02-05 03:29:39.573369	2016-02-05 03:29:39.573369
187	30	67	6	2016-02-05 03:29:39.574618	2016-02-05 03:29:39.574618
188	0	67	7	2016-02-05 03:29:39.575855	2016-02-05 03:29:39.575855
189	0	68	2	2016-02-05 03:31:15.911981	2016-02-05 03:31:15.911981
190	0	68	3	2016-02-05 03:31:15.913623	2016-02-05 03:31:15.913623
191	0	68	4	2016-02-05 03:31:15.91517	2016-02-05 03:31:15.91517
192	70	68	5	2016-02-05 03:31:15.916435	2016-02-05 03:31:15.916435
193	30	68	6	2016-02-05 03:31:15.917667	2016-02-05 03:31:15.917667
194	0	68	7	2016-02-05 03:31:15.91892	2016-02-05 03:31:15.91892
195	0	69	2	2016-02-05 03:32:17.631859	2016-02-05 03:32:17.631859
196	90	69	3	2016-02-05 03:32:17.63339	2016-02-05 03:32:17.63339
197	10	69	4	2016-02-05 03:32:17.634636	2016-02-05 03:32:17.634636
198	0	69	5	2016-02-05 03:32:17.635977	2016-02-05 03:32:17.635977
199	0	69	6	2016-02-05 03:32:17.637213	2016-02-05 03:32:17.637213
200	0	69	7	2016-02-05 03:32:17.638669	2016-02-05 03:32:17.638669
201	0	70	2	2016-02-05 03:33:28.335991	2016-02-05 03:33:28.335991
202	90	70	3	2016-02-05 03:33:28.337521	2016-02-05 03:33:28.337521
203	10	70	4	2016-02-05 03:33:28.338852	2016-02-05 03:33:28.338852
204	0	70	5	2016-02-05 03:33:28.340151	2016-02-05 03:33:28.340151
205	0	70	6	2016-02-05 03:33:28.341396	2016-02-05 03:33:28.341396
206	0	70	7	2016-02-05 03:33:28.345119	2016-02-05 03:33:28.345119
207	70	71	2	2016-02-05 03:35:15.016054	2016-02-05 03:35:15.016054
208	0	71	3	2016-02-05 03:35:15.017558	2016-02-05 03:35:15.017558
209	10	71	4	2016-02-05 03:35:15.018818	2016-02-05 03:35:15.018818
210	0	71	5	2016-02-05 03:35:15.020044	2016-02-05 03:35:15.020044
211	10	71	6	2016-02-05 03:35:15.021239	2016-02-05 03:35:15.021239
212	10	71	7	2016-02-05 03:35:15.022487	2016-02-05 03:35:15.022487
213	90	72	2	2016-02-05 03:35:56.296281	2016-02-05 03:35:56.296281
214	10	72	3	2016-02-05 03:35:56.298514	2016-02-05 03:35:56.298514
215	0	72	4	2016-02-05 03:35:56.300098	2016-02-05 03:35:56.300098
216	0	72	5	2016-02-05 03:35:56.301303	2016-02-05 03:35:56.301303
217	0	72	6	2016-02-05 03:35:56.302576	2016-02-05 03:35:56.302576
218	0	72	7	2016-02-05 03:35:56.303828	2016-02-05 03:35:56.303828
219	20	73	2	2016-02-05 03:36:59.992098	2016-02-05 03:36:59.992098
220	20	73	3	2016-02-05 03:36:59.993822	2016-02-05 03:36:59.993822
221	20	73	4	2016-02-05 03:36:59.995004	2016-02-05 03:36:59.995004
222	20	73	5	2016-02-05 03:36:59.996123	2016-02-05 03:36:59.996123
223	20	73	6	2016-02-05 03:36:59.997298	2016-02-05 03:36:59.997298
224	0	73	7	2016-02-05 03:36:59.99844	2016-02-05 03:36:59.99844
225	60	74	2	2016-02-05 03:37:46.952632	2016-02-05 03:37:46.952632
226	0	74	3	2016-02-05 03:37:46.954518	2016-02-05 03:37:46.954518
227	0	74	4	2016-02-05 03:37:46.955895	2016-02-05 03:37:46.955895
228	0	74	5	2016-02-05 03:37:46.957101	2016-02-05 03:37:46.957101
229	40	74	6	2016-02-05 03:37:46.958281	2016-02-05 03:37:46.958281
230	0	74	7	2016-02-05 03:37:46.959688	2016-02-05 03:37:46.959688
231	0	75	2	2016-02-05 03:38:25.711628	2016-02-05 03:38:25.711628
232	100	75	3	2016-02-05 03:38:25.713138	2016-02-05 03:38:25.713138
233	0	75	4	2016-02-05 03:38:25.714394	2016-02-05 03:38:25.714394
234	0	75	5	2016-02-05 03:38:25.715862	2016-02-05 03:38:25.715862
235	0	75	6	2016-02-05 03:38:25.717314	2016-02-05 03:38:25.717314
236	0	75	7	2016-02-05 03:38:25.718507	2016-02-05 03:38:25.718507
237	0	76	2	2016-02-05 03:39:38.351996	2016-02-05 03:39:38.351996
238	0	76	3	2016-02-05 03:39:38.382649	2016-02-05 03:39:38.382649
239	0	76	4	2016-02-05 03:39:38.384423	2016-02-05 03:39:38.384423
240	0	76	5	2016-02-05 03:39:38.385818	2016-02-05 03:39:38.385818
241	100	76	6	2016-02-05 03:39:38.387023	2016-02-05 03:39:38.387023
242	0	76	7	2016-02-05 03:39:38.388248	2016-02-05 03:39:38.388248
243	0	77	2	2016-02-05 03:40:02.543986	2016-02-05 03:40:02.543986
244	0	77	3	2016-02-05 03:40:02.545663	2016-02-05 03:40:02.545663
245	0	77	4	2016-02-05 03:40:02.54695	2016-02-05 03:40:02.54695
246	0	77	5	2016-02-05 03:40:02.548172	2016-02-05 03:40:02.548172
247	100	77	6	2016-02-05 03:40:02.549657	2016-02-05 03:40:02.549657
248	0	77	7	2016-02-05 03:40:02.550974	2016-02-05 03:40:02.550974
249	30	78	2	2016-02-05 03:41:21.815928	2016-02-05 03:41:21.815928
250	0	78	3	2016-02-05 03:41:21.817675	2016-02-05 03:41:21.817675
251	0	78	4	2016-02-05 03:41:21.819091	2016-02-05 03:41:21.819091
252	70	78	5	2016-02-05 03:41:21.820655	2016-02-05 03:41:21.820655
253	0	78	6	2016-02-05 03:41:21.821961	2016-02-05 03:41:21.821961
254	0	78	7	2016-02-05 03:41:21.823205	2016-02-05 03:41:21.823205
255	10	79	2	2016-02-05 03:45:50.132109	2016-02-05 03:45:50.132109
256	20	79	3	2016-02-05 03:45:50.134095	2016-02-05 03:45:50.134095
257	10	79	4	2016-02-05 03:45:50.135771	2016-02-05 03:45:50.135771
258	0	79	5	2016-02-05 03:45:50.13721	2016-02-05 03:45:50.13721
259	50	79	6	2016-02-05 03:45:50.138443	2016-02-05 03:45:50.138443
260	10	79	7	2016-02-05 03:45:50.139788	2016-02-05 03:45:50.139788
261	80	80	2	2016-02-05 03:47:03.367974	2016-02-05 03:47:03.367974
262	10	80	3	2016-02-05 03:47:03.369638	2016-02-05 03:47:03.369638
263	0	80	4	2016-02-05 03:47:03.370917	2016-02-05 03:47:03.370917
264	0	80	5	2016-02-05 03:47:03.372207	2016-02-05 03:47:03.372207
265	0	80	6	2016-02-05 03:47:03.373457	2016-02-05 03:47:03.373457
266	10	80	7	2016-02-05 03:47:03.374765	2016-02-05 03:47:03.374765
267	0	81	2	2016-02-05 03:49:29.520096	2016-02-05 03:49:29.520096
268	20	81	3	2016-02-05 03:49:29.521945	2016-02-05 03:49:29.521945
269	10	81	4	2016-02-05 03:49:29.523696	2016-02-05 03:49:29.523696
270	20	81	5	2016-02-05 03:49:29.525051	2016-02-05 03:49:29.525051
271	40	81	6	2016-02-05 03:49:29.526387	2016-02-05 03:49:29.526387
272	10	81	7	2016-02-05 03:49:29.527813	2016-02-05 03:49:29.527813
273	100	82	2	2016-02-05 03:50:43.120154	2016-02-05 03:50:43.120154
274	0	82	3	2016-02-05 03:50:43.121751	2016-02-05 03:50:43.121751
275	0	82	4	2016-02-05 03:50:43.123072	2016-02-05 03:50:43.123072
276	0	82	5	2016-02-05 03:50:43.124252	2016-02-05 03:50:43.124252
277	0	82	6	2016-02-05 03:50:43.125519	2016-02-05 03:50:43.125519
278	0	82	7	2016-02-05 03:50:43.126793	2016-02-05 03:50:43.126793
279	0	83	2	2016-02-05 03:52:26.120985	2016-02-05 03:52:26.120985
280	80	83	3	2016-02-05 03:52:26.12258	2016-02-05 03:52:26.12258
281	20	83	4	2016-02-05 03:52:26.123789	2016-02-05 03:52:26.123789
282	0	83	5	2016-02-05 03:52:26.125057	2016-02-05 03:52:26.125057
283	0	83	6	2016-02-05 03:52:26.12622	2016-02-05 03:52:26.12622
284	0	83	7	2016-02-05 03:52:26.127422	2016-02-05 03:52:26.127422
285	0	84	2	2016-02-05 03:53:23.472351	2016-02-05 03:53:23.472351
286	60	84	3	2016-02-05 03:53:23.474024	2016-02-05 03:53:23.474024
287	40	84	4	2016-02-05 03:53:23.475294	2016-02-05 03:53:23.475294
288	0	84	5	2016-02-05 03:53:23.476659	2016-02-05 03:53:23.476659
289	0	84	6	2016-02-05 03:53:23.477862	2016-02-05 03:53:23.477862
290	0	84	7	2016-02-05 03:53:23.479536	2016-02-05 03:53:23.479536
291	0	85	2	2016-02-05 03:54:21.135761	2016-02-05 03:54:21.135761
292	0	85	3	2016-02-05 03:54:21.137442	2016-02-05 03:54:21.137442
293	0	85	4	2016-02-05 03:54:21.138812	2016-02-05 03:54:21.138812
294	0	85	5	2016-02-05 03:54:21.140041	2016-02-05 03:54:21.140041
295	0	85	6	2016-02-05 03:54:21.141383	2016-02-05 03:54:21.141383
296	100	85	7	2016-02-05 03:54:21.142654	2016-02-05 03:54:21.142654
297	0	91	2	2016-02-05 04:01:24.490306	2016-02-05 04:01:24.490306
298	100	91	3	2016-02-05 04:01:24.492178	2016-02-05 04:01:24.492178
299	0	91	4	2016-02-05 04:01:24.493696	2016-02-05 04:01:24.493696
300	0	91	5	2016-02-05 04:01:24.495061	2016-02-05 04:01:24.495061
301	0	91	6	2016-02-05 04:01:24.496625	2016-02-05 04:01:24.496625
302	0	91	7	2016-02-05 04:01:24.498428	2016-02-05 04:01:24.498428
303	0	92	2	2016-02-05 04:02:22.496401	2016-02-05 04:02:22.496401
304	60	92	3	2016-02-05 04:02:22.498241	2016-02-05 04:02:22.498241
305	0	92	4	2016-02-05 04:02:22.499737	2016-02-05 04:02:22.499737
306	0	92	5	2016-02-05 04:02:22.501137	2016-02-05 04:02:22.501137
307	40	92	6	2016-02-05 04:02:22.502633	2016-02-05 04:02:22.502633
308	0	92	7	2016-02-05 04:02:22.50408	2016-02-05 04:02:22.50408
309	0	93	2	2016-02-05 04:03:28.728155	2016-02-05 04:03:28.728155
310	0	93	3	2016-02-05 04:03:28.729826	2016-02-05 04:03:28.729826
311	0	93	4	2016-02-05 04:03:28.731258	2016-02-05 04:03:28.731258
312	40	93	5	2016-02-05 04:03:28.732498	2016-02-05 04:03:28.732498
313	60	93	6	2016-02-05 04:03:28.733709	2016-02-05 04:03:28.733709
314	0	93	7	2016-02-05 04:03:28.73499	2016-02-05 04:03:28.73499
315	0	94	2	2016-02-05 04:04:38.816306	2016-02-05 04:04:38.816306
316	100	94	3	2016-02-05 04:04:38.817914	2016-02-05 04:04:38.817914
317	0	94	4	2016-02-05 04:04:38.819366	2016-02-05 04:04:38.819366
318	0	94	5	2016-02-05 04:04:38.82089	2016-02-05 04:04:38.82089
319	0	94	6	2016-02-05 04:04:38.822379	2016-02-05 04:04:38.822379
320	0	94	7	2016-02-05 04:04:38.823637	2016-02-05 04:04:38.823637
321	0	95	2	2016-02-05 04:06:14.576315	2016-02-05 04:06:14.576315
322	40	95	3	2016-02-05 04:06:14.578359	2016-02-05 04:06:14.578359
323	0	95	4	2016-02-05 04:06:14.580305	2016-02-05 04:06:14.580305
324	30	95	5	2016-02-05 04:06:14.582174	2016-02-05 04:06:14.582174
325	30	95	6	2016-02-05 04:06:14.583685	2016-02-05 04:06:14.583685
326	0	95	7	2016-02-05 04:06:14.585048	2016-02-05 04:06:14.585048
327	0	96	2	2016-02-05 04:07:32.752398	2016-02-05 04:07:32.752398
328	80	96	3	2016-02-05 04:07:32.753897	2016-02-05 04:07:32.753897
329	0	96	4	2016-02-05 04:07:32.755225	2016-02-05 04:07:32.755225
330	0	96	5	2016-02-05 04:07:32.756757	2016-02-05 04:07:32.756757
331	20	96	6	2016-02-05 04:07:32.758235	2016-02-05 04:07:32.758235
332	0	96	7	2016-02-05 04:07:32.759425	2016-02-05 04:07:32.759425
333	0	97	2	2016-02-05 04:08:22.376012	2016-02-05 04:08:22.376012
334	0	97	3	2016-02-05 04:08:22.377669	2016-02-05 04:08:22.377669
335	100	97	4	2016-02-05 04:08:22.379449	2016-02-05 04:08:22.379449
336	0	97	5	2016-02-05 04:08:22.381063	2016-02-05 04:08:22.381063
337	0	97	6	2016-02-05 04:08:22.382318	2016-02-05 04:08:22.382318
338	0	97	7	2016-02-05 04:08:22.383542	2016-02-05 04:08:22.383542
339	0	98	2	2016-02-05 04:09:34.696381	2016-02-05 04:09:34.696381
340	40	98	3	2016-02-05 04:09:34.698298	2016-02-05 04:09:34.698298
341	0	98	4	2016-02-05 04:09:34.699802	2016-02-05 04:09:34.699802
342	0	98	5	2016-02-05 04:09:34.701132	2016-02-05 04:09:34.701132
343	30	98	6	2016-02-05 04:09:34.702516	2016-02-05 04:09:34.702516
344	30	98	7	2016-02-05 04:09:34.70407	2016-02-05 04:09:34.70407
345	0	99	2	2016-02-05 04:10:30.632412	2016-02-05 04:10:30.632412
346	20	99	3	2016-02-05 04:10:30.633956	2016-02-05 04:10:30.633956
347	80	99	4	2016-02-05 04:10:30.635234	2016-02-05 04:10:30.635234
348	0	99	5	2016-02-05 04:10:30.63651	2016-02-05 04:10:30.63651
349	0	99	6	2016-02-05 04:10:30.637812	2016-02-05 04:10:30.637812
350	0	99	7	2016-02-05 04:10:30.639081	2016-02-05 04:10:30.639081
351	0	100	2	2016-02-05 04:11:31.424236	2016-02-05 04:11:31.424236
352	0	100	3	2016-02-05 04:11:31.425893	2016-02-05 04:11:31.425893
353	0	100	4	2016-02-05 04:11:31.427728	2016-02-05 04:11:31.427728
354	0	100	5	2016-02-05 04:11:31.429257	2016-02-05 04:11:31.429257
355	100	100	6	2016-02-05 04:11:31.430485	2016-02-05 04:11:31.430485
356	0	100	7	2016-02-05 04:11:31.431788	2016-02-05 04:11:31.431788
357	80	101	2	2016-02-05 04:12:44.872174	2016-02-05 04:12:44.872174
358	0	101	3	2016-02-05 04:12:44.873695	2016-02-05 04:12:44.873695
359	0	101	4	2016-02-05 04:12:44.874981	2016-02-05 04:12:44.874981
360	0	101	5	2016-02-05 04:12:44.876246	2016-02-05 04:12:44.876246
361	20	101	6	2016-02-05 04:12:44.877926	2016-02-05 04:12:44.877926
362	0	101	7	2016-02-05 04:12:44.879307	2016-02-05 04:12:44.879307
363	0	102	2	2016-02-05 04:13:49.800604	2016-02-05 04:13:49.800604
364	0	102	3	2016-02-05 04:13:49.802247	2016-02-05 04:13:49.802247
365	30	102	4	2016-02-05 04:13:49.803522	2016-02-05 04:13:49.803522
366	0	102	5	2016-02-05 04:13:49.804816	2016-02-05 04:13:49.804816
367	70	102	6	2016-02-05 04:13:49.806055	2016-02-05 04:13:49.806055
368	0	102	7	2016-02-05 04:13:49.807278	2016-02-05 04:13:49.807278
369	0	103	2	2016-02-05 04:15:08.04073	2016-02-05 04:15:08.04073
370	100	103	3	2016-02-05 04:15:08.042366	2016-02-05 04:15:08.042366
371	0	103	4	2016-02-05 04:15:08.044216	2016-02-05 04:15:08.044216
372	0	103	5	2016-02-05 04:15:08.045863	2016-02-05 04:15:08.045863
373	0	103	6	2016-02-05 04:15:08.047332	2016-02-05 04:15:08.047332
374	0	103	7	2016-02-05 04:15:08.04888	2016-02-05 04:15:08.04888
375	0	104	2	2016-02-05 04:16:23.608417	2016-02-05 04:16:23.608417
376	0	104	3	2016-02-05 04:16:23.610172	2016-02-05 04:16:23.610172
377	0	104	4	2016-02-05 04:16:23.611402	2016-02-05 04:16:23.611402
378	0	104	5	2016-02-05 04:16:23.612667	2016-02-05 04:16:23.612667
379	100	104	6	2016-02-05 04:16:23.613935	2016-02-05 04:16:23.613935
380	0	104	7	2016-02-05 04:16:23.615082	2016-02-05 04:16:23.615082
381	0	105	2	2016-02-05 04:17:33.544667	2016-02-05 04:17:33.544667
382	0	105	3	2016-02-05 04:17:33.546375	2016-02-05 04:17:33.546375
383	0	105	4	2016-02-05 04:17:33.54766	2016-02-05 04:17:33.54766
384	0	105	5	2016-02-05 04:17:33.548988	2016-02-05 04:17:33.548988
385	100	105	6	2016-02-05 04:17:33.550231	2016-02-05 04:17:33.550231
386	0	105	7	2016-02-05 04:17:33.551345	2016-02-05 04:17:33.551345
387	10	106	2	2016-02-05 04:18:43.536624	2016-02-05 04:18:43.536624
388	10	106	3	2016-02-05 04:18:43.538413	2016-02-05 04:18:43.538413
389	0	106	4	2016-02-05 04:18:43.53972	2016-02-05 04:18:43.53972
390	0	106	5	2016-02-05 04:18:43.540984	2016-02-05 04:18:43.540984
391	80	106	6	2016-02-05 04:18:43.54217	2016-02-05 04:18:43.54217
392	0	106	7	2016-02-05 04:18:43.543393	2016-02-05 04:18:43.543393
393	100	107	2	2016-02-05 04:20:03.064748	2016-02-05 04:20:03.064748
394	0	107	3	2016-02-05 04:20:03.066396	2016-02-05 04:20:03.066396
395	0	107	4	2016-02-05 04:20:03.067609	2016-02-05 04:20:03.067609
396	0	107	5	2016-02-05 04:20:03.068885	2016-02-05 04:20:03.068885
397	0	107	6	2016-02-05 04:20:03.07043	2016-02-05 04:20:03.07043
398	0	107	7	2016-02-05 04:20:03.071685	2016-02-05 04:20:03.071685
399	0	108	2	2016-02-05 04:20:46.72143	2016-02-05 04:20:46.72143
400	0	108	3	2016-02-05 04:20:46.72297	2016-02-05 04:20:46.72297
401	0	108	4	2016-02-05 04:20:46.724139	2016-02-05 04:20:46.724139
402	0	108	5	2016-02-05 04:20:46.72544	2016-02-05 04:20:46.72544
403	100	108	6	2016-02-05 04:20:46.726793	2016-02-05 04:20:46.726793
404	0	108	7	2016-02-05 04:20:46.728194	2016-02-05 04:20:46.728194
405	0	109	2	2016-02-05 04:21:48.752027	2016-02-05 04:21:48.752027
406	60	109	3	2016-02-05 04:21:48.753801	2016-02-05 04:21:48.753801
407	0	109	4	2016-02-05 04:21:48.755054	2016-02-05 04:21:48.755054
408	0	109	5	2016-02-05 04:21:48.756341	2016-02-05 04:21:48.756341
409	0	109	6	2016-02-05 04:21:48.75793	2016-02-05 04:21:48.75793
410	40	109	7	2016-02-05 04:21:48.759823	2016-02-05 04:21:48.759823
411	0	113	2	2016-02-05 04:25:25.10406	2016-02-05 04:25:25.10406
412	0	113	3	2016-02-05 04:25:25.105523	2016-02-05 04:25:25.105523
413	0	113	4	2016-02-05 04:25:25.106662	2016-02-05 04:25:25.106662
414	0	113	5	2016-02-05 04:25:25.107785	2016-02-05 04:25:25.107785
415	0	113	6	2016-02-05 04:25:25.108869	2016-02-05 04:25:25.108869
416	100	113	7	2016-02-05 04:25:25.110026	2016-02-05 04:25:25.110026
\.


--
-- Name: match_strengths_id_seq; Type: SEQUENCE SET; Schema: public; Owner: Guest
--

SELECT pg_catalog.setval('match_strengths_id_seq', 416, true);


--
-- Data for Name: recipe_entries; Type: TABLE DATA; Schema: public; Owner: Guest
--

COPY recipe_entries (id, amount, ingredient_id, cocktail_id, created_at, updated_at, category_id) FROM stdin;
\.


--
-- Name: recipe_entries_id_seq; Type: SEQUENCE SET; Schema: public; Owner: Guest
--

SELECT pg_catalog.setval('recipe_entries_id_seq', 77, true);


--
-- Data for Name: schema_migrations; Type: TABLE DATA; Schema: public; Owner: Guest
--

COPY schema_migrations (version) FROM stdin;
20160201185327
20160201185500
20160201185754
20160201223626
20160202175933
20160202222155
20160203163044
20160203163420
20160203181627
20160203185150
20160203192825
20160204190400
20160204213601
\.


--
-- Data for Name: themes; Type: TABLE DATA; Schema: public; Owner: Guest
--

COPY themes (id, name, created_at, updated_at) FROM stdin;
2	Brunch	2016-02-02 22:49:33.924935	2016-02-02 22:49:33.924935
3	Classy	2016-02-02 22:49:33.924935	2016-02-02 22:49:33.924935
4	Grandpa	2016-02-02 22:49:33.924935	2016-02-02 22:49:33.924935
5	Mexican	2016-02-02 22:49:33.924935	2016-02-02 22:49:33.924935
6	Tropical	2016-02-02 22:49:33.924935	2016-02-02 22:49:33.924935
7	Winter	2016-02-02 22:49:33.924935	2016-02-02 22:49:33.924935
\.


--
-- Name: themes_id_seq; Type: SEQUENCE SET; Schema: public; Owner: Guest
--

SELECT pg_catalog.setval('themes_id_seq', 7, true);


--
-- PostgreSQL database dump complete
--

